Concrete,Strand,Rebar,Span_ft,Gir Dep (in),Lat Spac (ft),No. of Gir,bot flange bot part depth (in),bot flange bot part width (in),Number of strand per girder,Harp Pos (ft),Combo,Design_Rank,Family_ID
405.0,1.26,2.18,100.0,66.56955605,6.142857143,7.0,14.53502049,15.57864393,36.0,48.55725263,1.0,1,405.0_1.26_2.18_100.0
405.0,1.26,2.18,100.0,69.98425197,7.166666667,6.0,11.64705882,9.209448819,40.0,39.66929134,1.0,2,405.0_1.26_2.18_100.0
405.0,1.26,2.18,100.0,66.96062992,6.142857143,7.0,2.411764706,48.63982002,36.0,46.22047244,1.0,3,405.0_1.26_2.18_100.0
405.0,1.26,2.18,100.0,56.62992126,5.375,8.0,10.88235294,30.21850394,40.0,40.67716535,1.0,4,405.0_1.26_2.18_100.0
405.0,1.26,2.18,100.0,62.92913386,7.166666667,6.0,5.470588235,21.3984252,42.0,43.95275591,1.0,5,405.0_1.26_2.18_100.0
505.0,1.26,2.18,100.0,66.70866142,7.166666667,6.0,8.352941176,16.52283465,42.0,35.63779528,4.0,1,505.0_1.26_2.18_100.0
505.0,1.26,2.18,100.0,67.21259843,6.142857143,7.0,10.0,14.6848144,38.0,43.32283465,4.0,2,505.0_1.26_2.18_100.0
505.0,1.26,2.18,100.0,49.32283465,5.375,8.0,13.64705882,37.98897638,48.0,40.67716535,4.0,3,505.0_1.26_2.18_100.0
505.0,1.26,2.18,100.0,55.11811024,7.166666667,6.0,5.235294118,46.38582677,46.0,45.08661417,4.0,4,505.0_1.26_2.18_100.0
505.0,1.26,2.18,100.0,70.23622047,7.166666667,6.0,3.0,17.13228346,42.0,41.55905512,4.0,5,505.0_1.26_2.18_100.0
600.0,1.26,2.18,100.0,68.47244094,6.142857143,7.0,10.76470588,17.29673791,38.0,39.41732283,7.0,1,600.0_1.26_2.18_100.0
600.0,1.26,2.18,100.0,71.7480315,7.166666667,6.0,9.823529412,9.818897638,40.0,39.54330709,7.0,2,600.0_1.26_2.18_100.0
600.0,1.26,2.18,100.0,68.47244094,6.142857143,7.0,10.76470588,17.29673791,38.0,39.41732283,7.0,3,600.0_1.26_2.18_100.0
600.0,1.26,2.18,100.0,47.55905512,5.375,8.0,11.11764706,34.78937008,48.0,48.11023622,7.0,4,600.0_1.26_2.18_100.0
600.0,1.26,2.18,100.0,71.24409449,7.166666667,6.0,10.88235294,19.57007874,40.0,48.11023622,7.0,5,600.0_1.26_2.18_100.0
405.0,1.73,2.82,100.0,66.56955605,6.142857143,7.0,14.53502049,15.57864393,36.0,48.55725263,2.0,1,405.0_1.73_2.82_100.0
405.0,1.73,2.82,100.0,69.22834646,7.166666667,6.0,2.588235294,31.75905512,38.0,38.66141732,2.0,2,405.0_1.73_2.82_100.0
405.0,1.73,2.82,100.0,66.96062992,6.142857143,7.0,2.411764706,48.63982002,36.0,46.22047244,2.0,3,405.0_1.73_2.82_100.0
405.0,1.73,2.82,100.0,67.21259843,7.166666667,6.0,5.176470588,27.49291339,40.0,34.88188976,2.0,4,405.0_1.73_2.82_100.0
405.0,1.73,2.82,100.0,69.22834646,7.166666667,6.0,5.705882353,18.3511811,40.0,41.05511811,2.0,5,405.0_1.73_2.82_100.0
505.0,1.73,2.82,100.0,66.96062992,7.166666667,6.0,4.411764706,29.32125984,38.0,35.38582677,5.0,1,505.0_1.73_2.82_100.0
505.0,1.73,2.82,100.0,67.21259843,6.142857143,7.0,4.058823529,24.08773903,34.0,35.00787402,5.0,2,505.0_1.73_2.82_100.0
505.0,1.73,2.82,100.0,70.99212598,6.142857143,7.0,5.117647059,23.04296963,34.0,40.42519685,5.0,3,505.0_1.73_2.82_100.0
505.0,1.73,2.82,100.0,66.96062992,7.166666667,6.0,6.529411765,17.74173228,38.0,34.2519685,5.0,4,505.0_1.73_2.82_100.0
505.0,1.73,2.82,100.0,54.86614173,5.375,8.0,7.235294118,38.44606299,40.0,49.11811024,5.0,5,505.0_1.73_2.82_100.0
600.0,1.73,2.82,100.0,66.56955605,6.142857143,7.0,14.53502049,15.57864393,36.0,48.55725263,8.0,1,600.0_1.73_2.82_100.0
600.0,1.73,2.82,100.0,67.46456693,7.166666667,6.0,4.0,28.1023622,38.0,41.05511811,8.0,2,600.0_1.73_2.82_100.0
600.0,1.73,2.82,100.0,59.90551181,5.375,8.0,5.823529412,32.50393701,36.0,38.53543307,8.0,3,600.0_1.73_2.82_100.0
600.0,1.73,2.82,100.0,69.22834646,6.142857143,7.0,9.294117647,20.43104612,34.0,37.02362205,8.0,4,600.0_1.73_2.82_100.0
600.0,1.73,2.82,100.0,71.7480315,7.166666667,6.0,8.352941176,22.00787402,44.0,34.62992126,8.0,5,600.0_1.73_2.82_100.0
405.0,2.23,3.45,100.0,66.70866142,7.166666667,6.0,4.235294118,28.71181102,38.0,35.00787402,3.0,1,405.0_2.23_3.45_100.0
405.0,2.23,3.45,100.0,63.18110236,6.142857143,7.0,6.705882353,13.11766029,38.0,43.19685039,3.0,2,405.0_2.23_3.45_100.0
405.0,2.23,3.45,100.0,67.46456693,7.166666667,6.0,4.0,28.1023622,38.0,35.13385827,3.0,3,405.0_2.23_3.45_100.0
405.0,2.23,3.45,100.0,70.74015748,7.166666667,6.0,6.941176471,31.1496063,38.0,38.66141732,3.0,4,405.0_2.23_3.45_100.0
405.0,2.23,3.45,100.0,57.38582677,5.375,8.0,4.058823529,21.53385827,36.0,36.77165354,3.0,5,405.0_2.23_3.45_100.0
505.0,2.23,3.45,100.0,69.22834646,7.166666667,6.0,5.882352941,18.96062992,40.0,40.17322835,6.0,1,505.0_2.23_3.45_100.0
505.0,2.23,3.45,100.0,66.96062992,6.142857143,7.0,2.411764706,48.63982002,36.0,46.22047244,6.0,2,505.0_2.23_3.45_100.0
505.0,2.23,3.45,100.0,67.21259843,6.142857143,7.0,4.058823529,24.08773903,34.0,35.00787402,6.0,3,505.0_2.23_3.45_100.0
505.0,2.23,3.45,100.0,72.0,7.166666667,6.0,1.058823529,78.68661417,38.0,39.16535433,6.0,4,505.0_2.23_3.45_100.0
505.0,2.23,3.45,100.0,57.63779528,5.375,8.0,3.705882353,39.81732283,36.0,42.81889764,6.0,5,505.0_2.23_3.45_100.0
600.0,2.23,3.45,100.0,62.67716535,7.166666667,6.0,14.29411765,39.68188976,42.0,38.91338583,9.0,1,600.0_2.23_3.45_100.0
600.0,2.23,3.45,100.0,66.96062992,6.142857143,7.0,2.411764706,48.63982002,36.0,46.22047244,9.0,2,600.0_2.23_3.45_100.0
600.0,2.23,3.45,100.0,67.21259843,6.142857143,7.0,4.058823529,24.08773903,34.0,35.00787402,9.0,3,600.0_2.23_3.45_100.0
600.0,2.23,3.45,100.0,67.96850394,7.166666667,6.0,5.529411765,26.27401575,38.0,34.75590551,9.0,4,600.0_2.23_3.45_100.0
600.0,2.23,3.45,100.0,56.88188976,5.375,8.0,6.941176471,35.70354331,36.0,47.48031496,9.0,5,600.0_2.23_3.45_100.0
405.0,1.26,2.82,100.0,70.23622047,7.166666667,6.0,8.352941176,20.17952756,40.0,39.41732283,10.0,1,405.0_1.26_2.82_100.0
405.0,1.26,2.82,100.0,49.07086614,6.142857143,7.0,4.823529412,55.43082115,50.0,48.11023622,10.0,2,405.0_1.26_2.82_100.0
405.0,1.26,2.82,100.0,69.22834646,7.166666667,6.0,10.76470588,18.3511811,42.0,34.37795276,10.0,3,405.0_1.26_2.82_100.0
405.0,1.26,2.82,100.0,57.38582677,5.375,8.0,11.70588235,34.33228346,38.0,39.79527559,10.0,4,405.0_1.26_2.82_100.0
405.0,1.26,2.82,100.0,71.24409449,7.166666667,6.0,12.88235294,14.69448819,46.0,35.88976378,10.0,5,405.0_1.26_2.82_100.0
505.0,1.26,2.82,100.0,67.46456693,6.142857143,7.0,4.117647059,25.65489314,36.0,35.51181102,16.0,1,505.0_1.26_2.82_100.0
505.0,1.26,2.82,100.0,67.71653543,7.166666667,6.0,8.705882353,10.42834646,44.0,35.88976378,16.0,2,505.0_1.26_2.82_100.0
505.0,1.26,2.82,100.0,60.40944882,5.375,8.0,3.235294118,19.70551181,38.0,43.32283465,16.0,3,505.0_1.26_2.82_100.0
505.0,1.26,2.82,100.0,66.96062992,6.142857143,7.0,2.411764706,48.63982002,36.0,46.22047244,16.0,4,505.0_1.26_2.82_100.0
505.0,1.26,2.82,100.0,60.40944882,5.375,8.0,3.235294118,19.70551181,38.0,43.32283465,16.0,5,505.0_1.26_2.82_100.0
600.0,1.26,2.82,100.0,62.92913386,6.142857143,7.0,6.294117647,15.2071991,40.0,45.71653543,22.0,1,600.0_1.26_2.82_100.0
600.0,1.26,2.82,100.0,69.48031496,7.166666667,6.0,3.294117647,28.1023622,40.0,39.41732283,22.0,2,600.0_1.26_2.82_100.0
600.0,1.26,2.82,100.0,66.96062992,6.142857143,7.0,2.411764706,48.63982002,36.0,46.22047244,22.0,3,600.0_1.26_2.82_100.0
600.0,1.26,2.82,100.0,69.98425197,7.166666667,6.0,3.235294118,34.80629921,40.0,38.53543307,22.0,4,600.0_1.26_2.82_100.0
600.0,1.26,2.82,100.0,60.91338583,5.375,8.0,6.352941176,12.8492126,36.0,44.70866142,22.0,5,600.0_1.26_2.82_100.0
405.0,1.26,3.45,100.0,58.39370079,6.142857143,7.0,14.76470588,33.49066367,42.0,47.1023622,11.0,1,405.0_1.26_3.45_100.0
405.0,1.26,3.45,100.0,69.98425197,7.166666667,6.0,14.88235294,26.88346457,40.0,41.05511811,11.0,2,405.0_1.26_3.45_100.0
405.0,1.26,3.45,100.0,49.82677165,4.777777778,9.0,14.47058824,39.86246719,40.0,40.67716535,11.0,3,405.0_1.26_3.45_100.0
405.0,1.26,3.45,100.0,66.70866142,7.166666667,6.0,13.76470588,20.17952756,42.0,40.5511811,11.0,4,405.0_1.26_3.45_100.0
405.0,1.26,3.45,100.0,63.18110236,5.375,8.0,8.647058824,13.76338583,36.0,35.13385827,11.0,5,405.0_1.26_3.45_100.0
505.0,1.26,3.45,100.0,56.37795276,7.166666667,6.0,6.588235294,34.19685039,50.0,47.60629921,17.0,1,505.0_1.26_3.45_100.0
505.0,1.26,3.45,100.0,65.95275591,7.166666667,6.0,1.0,52.48031496,40.0,43.82677165,17.0,2,505.0_1.26_3.45_100.0
505.0,1.26,3.45,100.0,68.72440945,6.142857143,7.0,4.529411765,20.95343082,36.0,41.05511811,17.0,3,505.0_1.26_3.45_100.0
505.0,1.26,3.45,100.0,48.06299213,5.375,8.0,12.47058824,29.30433071,44.0,36.51968504,17.0,4,505.0_1.26_3.45_100.0
505.0,1.26,3.45,100.0,72.0,7.166666667,6.0,7.411764706,17.13228346,44.0,45.46456693,17.0,5,505.0_1.26_3.45_100.0
600.0,1.26,3.45,100.0,66.56955605,6.142857143,7.0,14.53502049,15.57864393,36.0,48.55725263,23.0,1,600.0_1.26_3.45_100.0
600.0,1.26,3.45,100.0,57.13385827,7.166666667,6.0,5.117647059,34.19685039,46.0,44.20472441,23.0,2,600.0_1.26_3.45_100.0
600.0,1.26,3.45,100.0,66.96062992,6.142857143,7.0,2.411764706,48.63982002,36.0,46.22047244,23.0,3,600.0_1.26_3.45_100.0
600.0,1.26,3.45,100.0,49.07086614,5.375,8.0,4.058823529,61.3003937,44.0,34.75590551,23.0,4,600.0_1.26_3.45_100.0
600.0,1.26,3.45,100.0,54.11023622,4.777777778,9.0,6.352941176,22.79790026,40.0,40.80314961,23.0,5,600.0_1.26_3.45_100.0
405.0,2.23,2.18,100.0,71.24409449,7.166666667,6.0,6.823529412,18.3511811,40.0,37.77952756,14.0,1,405.0_2.23_2.18_100.0
405.0,2.23,2.18,100.0,71.7480315,7.166666667,6.0,14.88235294,22.61732283,42.0,34.2519685,14.0,2,405.0_2.23_2.18_100.0
405.0,2.23,2.18,100.0,70.23622047,7.166666667,6.0,6.882352941,23.22677165,38.0,37.90551181,14.0,3,405.0_2.23_2.18_100.0
405.0,2.23,2.18,100.0,57.38582677,6.142857143,7.0,2.117647059,52.81889764,42.0,48.23622047,14.0,4,405.0_2.23_2.18_100.0
405.0,2.23,2.18,100.0,68.22047244,5.375,8.0,4.352941176,27.01889764,32.0,41.93700787,14.0,5,405.0_2.23_2.18_100.0
505.0,2.23,2.18,100.0,72.0,6.142857143,7.0,3.823529412,24.08773903,34.0,39.66929134,20.0,1,505.0_2.23_2.18_100.0
505.0,2.23,2.18,100.0,71.24409449,7.166666667,6.0,1.294117647,30.54015748,38.0,37.1496063,20.0,2,505.0_2.23_2.18_100.0
505.0,2.23,2.18,100.0,71.24409449,7.166666667,6.0,1.235294118,29.32125984,38.0,44.20472441,20.0,3,505.0_2.23_2.18_100.0
505.0,2.23,2.18,100.0,68.47244094,7.166666667,6.0,6.705882353,17.13228346,38.0,45.71653543,20.0,4,505.0_2.23_2.18_100.0
505.0,2.23,2.18,100.0,68.22047244,7.166666667,6.0,7.235294118,15.91338583,38.0,44.70866142,20.0,5,505.0_2.23_2.18_100.0
600.0,2.23,2.18,100.0,69.22834646,7.166666667,6.0,3.0,34.19685039,38.0,40.67716535,26.0,1,600.0_2.23_2.18_100.0
600.0,2.23,2.18,100.0,69.73228346,7.166666667,6.0,14.64705882,20.17952756,40.0,41.93700787,26.0,2,600.0_2.23_2.18_100.0
600.0,2.23,2.18,100.0,60.66141732,6.142857143,7.0,2.470588235,32.96827897,40.0,45.84251969,26.0,3,600.0_2.23_2.18_100.0
600.0,2.23,2.18,100.0,71.49606299,7.166666667,6.0,11.82352941,18.96062992,40.0,35.38582677,26.0,4,600.0_2.23_2.18_100.0
600.0,2.23,2.18,100.0,69.48031496,7.166666667,6.0,3.0,36.02519685,38.0,42.31496063,26.0,5,600.0_2.23_2.18_100.0
405.0,1.73,3.45,100.0,67.46456693,6.142857143,7.0,3.941176471,25.13250844,34.0,39.03937008,13.0,1,405.0_1.73_3.45_100.0
405.0,1.73,3.45,100.0,67.96850394,7.166666667,6.0,8.764705882,14.69448819,40.0,40.17322835,13.0,2,405.0_1.73_3.45_100.0
405.0,1.73,3.45,100.0,67.21259843,6.142857143,7.0,4.058823529,24.08773903,34.0,35.00787402,13.0,3,405.0_1.73_3.45_100.0
405.0,1.73,3.45,100.0,68.97637795,7.166666667,6.0,5.470588235,18.3511811,40.0,44.83464567,13.0,4,405.0_1.73_3.45_100.0
405.0,1.73,3.45,100.0,58.64566929,5.375,8.0,5.058823529,32.50393701,36.0,48.48818898,13.0,5,405.0_1.73_3.45_100.0
505.0,1.73,3.45,100.0,71.49606299,6.142857143,7.0,14.17647059,16.2519685,36.0,37.1496063,19.0,1,505.0_1.73_3.45_100.0
505.0,1.73,3.45,100.0,66.96062992,6.142857143,7.0,2.411764706,48.63982002,36.0,46.22047244,19.0,2,505.0_1.73_3.45_100.0
505.0,1.73,3.45,100.0,69.73228346,7.166666667,6.0,11.58823529,19.57007874,40.0,35.25984252,19.0,3,505.0_1.73_3.45_100.0
505.0,1.73,3.45,100.0,69.73228346,7.166666667,6.0,13.47058824,18.96062992,40.0,40.80314961,19.0,4,505.0_1.73_3.45_100.0
505.0,1.73,3.45,100.0,70.74015748,7.166666667,6.0,14.76470588,22.00787402,40.0,36.14173228,19.0,5,505.0_1.73_3.45_100.0
600.0,1.73,3.45,100.0,67.71653543,6.142857143,7.0,14.52941176,7.893813273,44.0,35.51181102,25.0,1,600.0_1.73_3.45_100.0
600.0,1.73,3.45,100.0,69.73228346,7.166666667,6.0,14.05882353,22.00787402,42.0,34.2519685,25.0,2,600.0_1.73_3.45_100.0
600.0,1.73,3.45,100.0,67.21259843,6.142857143,7.0,4.058823529,24.08773903,34.0,35.00787402,25.0,3,600.0_1.73_3.45_100.0
600.0,1.73,3.45,100.0,66.96062992,7.166666667,6.0,5.588235294,18.96062992,44.0,42.56692913,25.0,4,600.0_1.73_3.45_100.0
600.0,1.73,3.45,100.0,57.13385827,7.166666667,6.0,7.235294118,19.57007874,50.0,46.72440945,25.0,5,600.0_1.73_3.45_100.0
405.0,2.23,2.82,100.0,70.23622047,7.166666667,6.0,9.176470588,26.88346457,38.0,38.78740157,15.0,1,405.0_2.23_2.82_100.0
405.0,2.23,2.82,100.0,66.96062992,6.142857143,7.0,2.411764706,48.63982002,36.0,46.22047244,15.0,2,405.0_2.23_2.82_100.0
405.0,2.23,2.82,100.0,67.21259843,6.142857143,7.0,4.058823529,24.08773903,34.0,35.00787402,15.0,3,405.0_2.23_2.82_100.0
405.0,2.23,2.82,100.0,70.99212598,7.166666667,6.0,2.647058824,29.93070866,40.0,43.7007874,15.0,4,405.0_2.23_2.82_100.0
405.0,2.23,2.82,100.0,60.15748031,5.375,8.0,3.470588235,41.18858268,36.0,40.04724409,15.0,5,405.0_2.23_2.82_100.0
505.0,2.23,2.82,100.0,67.21259843,7.166666667,6.0,4.0,28.71181102,38.0,36.51968504,21.0,1,505.0_2.23_2.82_100.0
505.0,2.23,2.82,100.0,56.37795276,5.375,8.0,4.058823529,21.53385827,40.0,34.12598425,21.0,2,505.0_2.23_2.82_100.0
505.0,2.23,2.82,100.0,63.18110236,6.142857143,7.0,9.823529412,35.05781777,38.0,45.84251969,21.0,3,505.0_2.23_2.82_100.0
505.0,2.23,2.82,100.0,70.74015748,7.166666667,6.0,8.470588235,26.88346457,38.0,43.07086614,21.0,4,505.0_2.23_2.82_100.0
505.0,2.23,2.82,100.0,59.1496063,7.166666667,6.0,10.05882353,27.49291339,50.0,40.04724409,21.0,5,505.0_2.23_2.82_100.0
600.0,2.23,2.82,100.0,66.56955605,6.142857143,7.0,14.53502049,15.57864393,36.0,48.55725263,27.0,1,600.0_2.23_2.82_100.0
600.0,2.23,2.82,100.0,69.22834646,7.166666667,6.0,0.8823529412,28.1023622,38.0,40.42519685,27.0,2,600.0_2.23_2.82_100.0
600.0,2.23,2.82,100.0,66.96062992,6.142857143,7.0,2.411764706,48.63982002,36.0,46.22047244,27.0,3,600.0_2.23_2.82_100.0
600.0,2.23,2.82,100.0,61.92125984,7.166666667,6.0,12.88235294,26.88346457,48.0,42.31496063,27.0,4,600.0_2.23_2.82_100.0
600.0,2.23,2.82,100.0,51.59055118,5.375,8.0,4.764705882,39.81732283,46.0,34.75590551,27.0,5,600.0_2.23_2.82_100.0
405.0,1.26,2.18,120.0,69.22834646,7.166666667,6.0,8.764705882,34.80629921,54.0,37.88976378,1.0,1,405.0_1.26_2.18_120.0
405.0,1.26,2.18,120.0,71.7480315,6.142857143,7.0,1.352941176,51.25174353,52.0,45.05511811,1.0,2,405.0_1.26_2.18_120.0
405.0,1.26,2.18,120.0,62.42519685,7.166666667,6.0,4.882352941,28.71181102,64.0,38.50393701,1.0,3,405.0_1.26_2.18_120.0
405.0,1.26,2.18,120.0,64.94488189,7.166666667,6.0,6.411764706,20.17952756,62.0,36.45669291,1.0,4,405.0_1.26_2.18_120.0
405.0,1.26,2.18,120.0,69.22834646,7.166666667,6.0,9.411764706,32.36850394,54.0,41.98425197,1.0,5,405.0_1.26_2.18_120.0
505.0,1.26,2.18,120.0,69.48031496,7.166666667,6.0,10.17647059,22.61732283,54.0,37.07086614,4.0,1,505.0_1.26_2.18_120.0
505.0,1.26,2.18,120.0,62.17322835,6.142857143,7.0,3.647058824,34.53543307,56.0,45.46456693,4.0,2,505.0_1.26_2.18_120.0
505.0,1.26,2.18,120.0,62.17322835,6.142857143,7.0,3.647058824,34.53543307,56.0,45.46456693,4.0,3,505.0_1.26_2.18_120.0
505.0,1.26,2.18,120.0,71.7480315,7.166666667,6.0,11.41176471,25.05511811,54.0,39.32283465,4.0,4,505.0_1.26_2.18_120.0
505.0,1.26,2.18,120.0,69.48031496,7.166666667,6.0,7.764705882,29.32125984,54.0,34.61417323,4.0,5,505.0_1.26_2.18_120.0
600.0,1.26,2.18,120.0,69.22834646,7.166666667,6.0,10.41176471,12.86614173,58.0,35.22834646,7.0,1,600.0_1.26_2.18_120.0
600.0,1.26,2.18,120.0,72.0,7.166666667,6.0,5.470588235,29.93070866,62.0,42.39370079,7.0,2,600.0_1.26_2.18_120.0
600.0,1.26,2.18,120.0,70.23622047,7.166666667,6.0,10.11764706,14.69448819,58.0,56.72440945,7.0,3,600.0_1.26_2.18_120.0
600.0,1.26,2.18,120.0,63.68503937,6.142857143,7.0,4.882352941,40.28166479,52.0,35.84251969,7.0,4,600.0_1.26_2.18_120.0
600.0,1.26,2.18,120.0,70.99212598,7.166666667,6.0,8.882352941,12.25669291,56.0,42.80314961,7.0,5,600.0_1.26_2.18_120.0
405.0,1.73,2.82,120.0,69.48031496,7.166666667,6.0,10.0,26.27401575,54.0,40.34645669,2.0,1,405.0_1.73_2.82_120.0
405.0,1.73,2.82,120.0,71.49606299,7.166666667,6.0,3.823529412,59.18425197,50.0,50.58267717,2.0,2,405.0_1.73_2.82_120.0
405.0,1.73,2.82,120.0,70.23622047,7.166666667,6.0,9.588235294,26.88346457,56.0,37.48031496,2.0,3,405.0_1.73_2.82_120.0
405.0,1.73,2.82,120.0,66.70866142,6.142857143,7.0,9.0,31.92350956,52.0,54.26771654,2.0,4,405.0_1.73_2.82_120.0
405.0,1.73,2.82,120.0,70.23622047,7.166666667,6.0,10.47058824,26.27401575,54.0,37.48031496,2.0,5,405.0_1.73_2.82_120.0
505.0,1.73,2.82,120.0,68.97637795,7.166666667,6.0,8.764705882,27.49291339,54.0,41.98425197,5.0,1,505.0_1.73_2.82_120.0
505.0,1.73,2.82,120.0,64.18897638,6.142857143,7.0,3.352941176,34.01304837,54.0,50.37795276,5.0,2,505.0_1.73_2.82_120.0
505.0,1.73,2.82,120.0,59.65354331,5.375,8.0,6.647058824,41.18858268,52.0,34.81889764,5.0,3,505.0_1.73_2.82_120.0
505.0,1.73,2.82,120.0,67.21259843,7.166666667,6.0,11.11764706,22.61732283,60.0,38.91338583,5.0,4,505.0_1.73_2.82_120.0
505.0,1.73,2.82,120.0,71.49606299,7.166666667,6.0,9.705882353,27.49291339,54.0,46.28346457,5.0,5,505.0_1.73_2.82_120.0
600.0,1.73,2.82,120.0,69.22834646,7.166666667,6.0,8.117647059,34.80629921,54.0,36.86614173,8.0,1,600.0_1.73_2.82_120.0
600.0,1.73,2.82,120.0,69.48031496,7.166666667,6.0,9.294117647,51.87086614,54.0,38.2992126,8.0,2,600.0_1.73_2.82_120.0
600.0,1.73,2.82,120.0,68.97637795,7.166666667,6.0,4.352941176,74.42047244,54.0,36.66141732,8.0,3,600.0_1.73_2.82_120.0
600.0,1.73,2.82,120.0,69.73228346,7.166666667,6.0,9.764705882,35.41574803,54.0,46.28346457,8.0,4,600.0_1.73_2.82_120.0
600.0,1.73,2.82,120.0,70.23622047,7.166666667,6.0,7.941176471,33.58740157,54.0,42.39370079,8.0,5,600.0_1.73_2.82_120.0
405.0,2.23,3.45,120.0,68.97637795,7.166666667,6.0,7.294117647,34.19685039,54.0,52.42519685,3.0,1,405.0_2.23_3.45_120.0
405.0,2.23,3.45,120.0,68.47244094,7.166666667,6.0,8.647058824,50.04251969,54.0,42.80314961,3.0,2,405.0_2.23_3.45_120.0
405.0,2.23,3.45,120.0,66.70866142,6.142857143,7.0,8.294117647,48.11743532,48.0,48.33070866,3.0,3,405.0_2.23_3.45_120.0
405.0,2.23,3.45,120.0,69.73228346,5.375,8.0,0.7058823529,42.55984252,44.0,41.57480315,3.0,4,405.0_2.23_3.45_120.0
405.0,2.23,3.45,120.0,71.24409449,7.166666667,6.0,6.764705882,51.26141732,50.0,37.07086614,3.0,5,405.0_2.23_3.45_120.0
505.0,2.23,3.45,120.0,70.48818898,7.166666667,6.0,8.764705882,26.88346457,54.0,43.41732283,6.0,1,505.0_2.23_3.45_120.0
505.0,2.23,3.45,120.0,62.92913386,7.166666667,6.0,5.823529412,22.61732283,64.0,55.08661417,6.0,2,505.0_2.23_3.45_120.0
505.0,2.23,3.45,120.0,69.48031496,7.166666667,6.0,3.705882353,46.99527559,58.0,43.82677165,6.0,3,505.0_2.23_3.45_120.0
505.0,2.23,3.45,120.0,56.62992126,5.375,8.0,10.70588235,43.01692913,50.0,35.22834646,6.0,4,505.0_2.23_3.45_120.0
505.0,2.23,3.45,120.0,66.70866142,6.142857143,7.0,3.058823529,56.47559055,54.0,51.60629921,6.0,5,505.0_2.23_3.45_120.0
600.0,2.23,3.45,120.0,69.48031496,7.166666667,6.0,8.235294118,28.1023622,54.0,35.43307087,9.0,1,600.0_2.23_3.45_120.0
600.0,2.23,3.45,120.0,70.99212598,6.142857143,7.0,0.2941176471,20.43104612,50.0,39.11811024,9.0,2,600.0_2.23_3.45_120.0
600.0,2.23,3.45,120.0,62.17322835,6.142857143,7.0,14.35294118,34.53543307,60.0,42.80314961,9.0,3,600.0_2.23_3.45_120.0
600.0,2.23,3.45,120.0,68.22047244,7.166666667,6.0,12.17647059,26.88346457,56.0,39.52755906,9.0,4,600.0_2.23_3.45_120.0
600.0,2.23,3.45,120.0,58.39370079,5.375,8.0,11.17647059,37.98897638,54.0,36.2519685,9.0,5,600.0_2.23_3.45_120.0
405.0,1.26,2.82,120.0,70.23622047,7.166666667,6.0,11.47058824,36.02519685,54.0,38.2992126,10.0,1,405.0_1.26_2.82_120.0
405.0,1.26,2.82,120.0,64.69291339,5.375,8.0,1.411764706,36.16062992,52.0,40.75590551,10.0,2,405.0_1.26_2.82_120.0
405.0,1.26,2.82,120.0,58.14173228,5.375,8.0,13.05882353,39.36023622,56.0,43.00787402,10.0,3,405.0_1.26_2.82_120.0
405.0,1.26,2.82,120.0,72.0,6.142857143,7.0,8.411764706,13.11766029,48.0,49.55905512,10.0,4,405.0_1.26_2.82_120.0
405.0,1.26,2.82,120.0,67.71653543,7.166666667,6.0,2.764705882,46.38582677,56.0,39.32283465,10.0,5,405.0_1.26_2.82_120.0
505.0,1.26,2.82,120.0,68.97637795,7.166666667,6.0,7.647058824,16.52283465,54.0,34.61417323,16.0,1,505.0_1.26_2.82_120.0
505.0,1.26,2.82,120.0,64.18897638,7.166666667,6.0,6.352941176,31.1496063,64.0,40.96062992,16.0,2,505.0_1.26_2.82_120.0
505.0,1.26,2.82,120.0,70.74015748,7.166666667,6.0,8.647058824,18.3511811,54.0,38.91338583,16.0,3,505.0_1.26_2.82_120.0
505.0,1.26,2.82,120.0,54.61417323,6.142857143,7.0,5.647058824,56.47559055,66.0,46.28346457,16.0,4,505.0_1.26_2.82_120.0
505.0,1.26,2.82,120.0,59.4015748,5.375,8.0,12.70588235,44.38818898,54.0,55.7007874,16.0,5,505.0_1.26_2.82_120.0
600.0,1.26,2.82,120.0,66.70866142,7.166666667,6.0,11.05882353,21.3984252,58.0,59.38582677,22.0,1,600.0_1.26_2.82_120.0
600.0,1.26,2.82,120.0,63.93700787,7.166666667,6.0,6.588235294,31.75905512,66.0,35.84251969,22.0,2,600.0_1.26_2.82_120.0
600.0,1.26,2.82,120.0,70.48818898,6.142857143,7.0,13.0,25.65489314,50.0,36.86614173,22.0,3,600.0_1.26_2.82_120.0
600.0,1.26,2.82,120.0,59.1496063,7.166666667,6.0,9.647058824,48.82362205,64.0,43.41732283,22.0,4,600.0_1.26_2.82_120.0
600.0,1.26,2.82,120.0,69.48031496,7.166666667,6.0,2.823529412,53.6992126,56.0,42.18897638,22.0,5,600.0_1.26_2.82_120.0
405.0,1.26,3.45,120.0,70.23622047,7.166666667,6.0,11.41176471,29.32125984,54.0,36.2519685,11.0,1,405.0_1.26_3.45_120.0
405.0,1.26,3.45,120.0,61.41732283,7.166666667,6.0,2.882352941,37.24409449,76.0,40.34645669,11.0,2,405.0_1.26_3.45_120.0
405.0,1.26,3.45,120.0,67.71653543,6.142857143,7.0,8.529411765,25.65489314,50.0,54.26771654,11.0,3,405.0_1.26_3.45_120.0
405.0,1.26,3.45,120.0,56.12598425,5.375,8.0,6.588235294,20.61968504,54.0,57.13385827,11.0,4,405.0_1.26_3.45_120.0
405.0,1.26,3.45,120.0,71.49606299,7.166666667,6.0,10.41176471,28.71181102,54.0,47.51181102,11.0,5,405.0_1.26_3.45_120.0
505.0,1.26,3.45,120.0,69.22834646,7.166666667,6.0,10.52941176,35.41574803,54.0,48.94488189,17.0,1,505.0_1.26_3.45_120.0
505.0,1.26,3.45,120.0,61.41732283,7.166666667,6.0,2.882352941,37.24409449,76.0,40.34645669,17.0,2,505.0_1.26_3.45_120.0
505.0,1.26,3.45,120.0,71.7480315,6.142857143,7.0,8.823529412,28.26681665,50.0,52.22047244,17.0,3,505.0_1.26_3.45_120.0
505.0,1.26,3.45,120.0,56.37795276,5.375,8.0,8.0,48.5019685,56.0,36.04724409,17.0,4,505.0_1.26_3.45_120.0
505.0,1.26,3.45,120.0,67.46456693,7.166666667,6.0,5.588235294,23.22677165,62.0,44.8503937,17.0,5,505.0_1.26_3.45_120.0
600.0,1.26,3.45,120.0,57.38582677,6.142857143,7.0,6.411764706,40.80404949,62.0,53.24409449,23.0,1,600.0_1.26_3.45_120.0
600.0,1.26,3.45,120.0,70.23622047,7.166666667,6.0,7.705882353,20.78897638,54.0,34.20472441,23.0,2,600.0_1.26_3.45_120.0
600.0,1.26,3.45,120.0,67.21259843,5.375,8.0,5.117647059,25.6476378,48.0,42.80314961,23.0,3,600.0_1.26_3.45_120.0
600.0,1.26,3.45,120.0,71.7480315,7.166666667,6.0,13.05882353,13.47559055,56.0,43.21259843,23.0,4,600.0_1.26_3.45_120.0
600.0,1.26,3.45,120.0,71.24409449,7.166666667,6.0,13.0,14.08503937,56.0,41.57480315,23.0,5,600.0_1.26_3.45_120.0
405.0,2.23,2.18,120.0,70.23622047,7.166666667,6.0,7.352941176,31.75905512,52.0,39.93700787,14.0,1,405.0_2.23_2.18_120.0
405.0,2.23,2.18,120.0,70.23622047,6.142857143,7.0,4.470588235,31.40112486,52.0,43.00787402,14.0,2,405.0_2.23_2.18_120.0
405.0,2.23,2.18,120.0,70.23622047,6.142857143,7.0,4.470588235,31.40112486,52.0,43.00787402,14.0,3,405.0_2.23_2.18_120.0
405.0,2.23,2.18,120.0,68.97637795,7.166666667,6.0,4.705882353,29.32125984,60.0,51.4015748,14.0,4,405.0_2.23_2.18_120.0
405.0,2.23,2.18,120.0,71.49606299,5.375,8.0,8.411764706,19.2484252,42.0,39.93700787,14.0,5,405.0_2.23_2.18_120.0
505.0,2.23,2.18,120.0,71.7480315,7.166666667,6.0,8.058823529,22.00787402,50.0,56.92913386,20.0,1,505.0_2.23_2.18_120.0
505.0,2.23,2.18,120.0,66.96062992,6.142857143,7.0,9.352941176,31.92350956,48.0,42.18897638,20.0,2,505.0_2.23_2.18_120.0
505.0,2.23,2.18,120.0,69.48031496,7.166666667,6.0,3.941176471,53.6992126,54.0,52.83464567,20.0,3,505.0_2.23_2.18_120.0
505.0,2.23,2.18,120.0,70.48818898,7.166666667,6.0,2.647058824,48.82362205,54.0,53.03937008,20.0,4,505.0_2.23_2.18_120.0
505.0,2.23,2.18,120.0,69.22834646,7.166666667,6.0,7.588235294,48.82362205,52.0,39.52755906,20.0,5,505.0_2.23_2.18_120.0
600.0,2.23,2.18,120.0,71.24409449,7.166666667,6.0,4.647058824,37.85354331,56.0,50.58267717,26.0,1,600.0_2.23_2.18_120.0
600.0,2.23,2.18,120.0,70.23622047,7.166666667,6.0,8.529411765,29.32125984,54.0,48.33070866,26.0,2,600.0_2.23_2.18_120.0
600.0,2.23,2.18,120.0,62.92913386,7.166666667,6.0,4.235294118,62.84094488,64.0,42.39370079,26.0,3,600.0_2.23_2.18_120.0
600.0,2.23,2.18,120.0,66.20472441,6.142857143,7.0,7.117647059,23.56535433,54.0,59.59055118,26.0,4,600.0_2.23_2.18_120.0
600.0,2.23,2.18,120.0,68.97637795,5.375,8.0,11.41176471,31.13267717,44.0,57.54330709,26.0,5,600.0_2.23_2.18_120.0
405.0,1.73,3.45,120.0,69.48031496,7.166666667,6.0,9.588235294,35.41574803,54.0,34.0,13.0,1,405.0_1.73_3.45_120.0
405.0,1.73,3.45,120.0,66.70866142,6.142857143,7.0,5.764705882,24.61012373,48.0,39.11811024,13.0,2,405.0_1.73_3.45_120.0
405.0,1.73,3.45,120.0,70.23622047,7.166666667,6.0,10.70588235,39.68188976,54.0,47.30708661,13.0,3,405.0_1.73_3.45_120.0
405.0,1.73,3.45,120.0,64.44094488,5.375,8.0,14.35294118,47.58779528,48.0,40.75590551,13.0,4,405.0_1.73_3.45_120.0
405.0,1.73,3.45,120.0,70.48818898,7.166666667,6.0,6.176470588,20.78897638,56.0,56.92913386,13.0,5,405.0_1.73_3.45_120.0
505.0,1.73,3.45,120.0,69.48031496,7.166666667,6.0,7.882352941,34.80629921,54.0,44.64566929,19.0,1,505.0_1.73_3.45_120.0
505.0,1.73,3.45,120.0,68.72440945,6.142857143,7.0,8.117647059,28.26681665,52.0,52.83464567,19.0,2,505.0_1.73_3.45_120.0
505.0,1.73,3.45,120.0,57.63779528,5.375,8.0,7.941176471,16.96299213,54.0,59.79527559,19.0,3,505.0_1.73_3.45_120.0
505.0,1.73,3.45,120.0,68.72440945,6.142857143,7.0,8.117647059,28.26681665,52.0,52.83464567,19.0,4,505.0_1.73_3.45_120.0
505.0,1.73,3.45,120.0,70.23622047,7.166666667,6.0,6.823529412,30.54015748,56.0,44.8503937,19.0,5,505.0_1.73_3.45_120.0
600.0,1.73,3.45,120.0,69.73228346,7.166666667,6.0,7.529411765,20.17952756,54.0,40.14173228,25.0,1,600.0_1.73_3.45_120.0
600.0,1.73,3.45,120.0,67.96850394,7.166666667,6.0,4.294117647,30.54015748,58.0,46.69291339,25.0,2,600.0_1.73_3.45_120.0
600.0,1.73,3.45,120.0,72.0,7.166666667,6.0,6.352941176,33.58740157,58.0,54.88188976,25.0,3,600.0_1.73_3.45_120.0
600.0,1.73,3.45,120.0,58.14173228,6.142857143,7.0,13.29411765,43.415973,60.0,51.19685039,25.0,4,600.0_1.73_3.45_120.0
600.0,1.73,3.45,120.0,69.73228346,5.375,8.0,11.41176471,15.59173228,46.0,34.20472441,25.0,5,600.0_1.73_3.45_120.0
405.0,2.23,2.82,120.0,70.74015748,7.166666667,6.0,8.0,33.58740157,54.0,35.43307087,15.0,1,405.0_2.23_2.82_120.0
405.0,2.23,2.82,120.0,68.22047244,5.375,8.0,12.94117647,28.84724409,46.0,60.0,15.0,2,405.0_2.23_2.82_120.0
405.0,2.23,2.82,120.0,64.94488189,7.166666667,6.0,4.470588235,42.11968504,60.0,36.04724409,15.0,3,405.0_2.23_2.82_120.0
405.0,2.23,2.82,120.0,61.16535433,6.142857143,7.0,7.235294118,37.66974128,58.0,39.73228346,15.0,4,405.0_2.23_2.82_120.0
405.0,2.23,2.82,120.0,69.22834646,7.166666667,6.0,8.411764706,28.1023622,54.0,36.45669291,15.0,5,405.0_2.23_2.82_120.0
505.0,2.23,2.82,120.0,71.24409449,7.166666667,6.0,13.05882353,37.24409449,54.0,35.02362205,21.0,1,505.0_2.23_2.82_120.0
505.0,2.23,2.82,120.0,67.46456693,7.166666667,6.0,5.0,50.04251969,56.0,34.0,21.0,2,505.0_2.23_2.82_120.0
505.0,2.23,2.82,120.0,72.0,6.142857143,7.0,7.882352941,36.62497188,48.0,35.63779528,21.0,3,505.0_2.23_2.82_120.0
505.0,2.23,2.82,120.0,68.72440945,7.166666667,6.0,7.470588235,25.66456693,56.0,43.82677165,21.0,4,505.0_2.23_2.82_120.0
505.0,2.23,2.82,120.0,70.48818898,7.166666667,6.0,14.29411765,34.80629921,54.0,46.28346457,21.0,5,505.0_2.23_2.82_120.0
600.0,2.23,2.82,120.0,70.48818898,7.166666667,6.0,8.0,16.52283465,54.0,52.83464567,27.0,1,600.0_2.23_2.82_120.0
600.0,2.23,2.82,120.0,70.74015748,7.166666667,6.0,5.294117647,27.49291339,52.0,35.84251969,27.0,2,600.0_2.23_2.82_120.0
600.0,2.23,2.82,120.0,68.22047244,7.166666667,6.0,5.705882353,31.75905512,52.0,42.80314961,27.0,3,600.0_2.23_2.82_120.0
600.0,2.23,2.82,120.0,71.49606299,7.166666667,6.0,13.0,13.47559055,54.0,52.62992126,27.0,4,600.0_2.23_2.82_120.0
600.0,2.23,2.82,120.0,70.48818898,7.166666667,6.0,12.76470588,13.47559055,54.0,52.42519685,27.0,5,600.0_2.23_2.82_120.0
405.0,1.26,2.18,140.0,72.0,7.166666667,6.0,3.058823529,37.85354331,72.0,57.57647059,1.0,1,405.0_1.26_2.18_140.0
405.0,1.26,2.18,140.0,59.4015748,7.166666667,6.0,12.70588235,64.05984252,82.0,46.98823529,1.0,2,405.0_1.26_2.18_140.0
405.0,1.26,2.18,140.0,63.18110236,6.142857143,7.0,6.941176471,44.98312711,72.0,67.45882353,1.0,3,405.0_1.26_2.18_140.0
405.0,1.26,2.18,140.0,66.96062992,5.375,8.0,9.705882353,52.15866142,62.0,57.85882353,1.0,4,405.0_1.26_2.18_140.0
405.0,1.26,2.18,140.0,70.48818898,7.166666667,6.0,9.411764706,20.78897638,74.0,39.92941176,1.0,5,405.0_1.26_2.18_140.0
505.0,1.26,2.18,140.0,71.7480315,7.166666667,6.0,9.294117647,30.54015748,72.0,66.04705882,4.0,1,505.0_1.26_2.18_140.0
505.0,1.26,2.18,140.0,70.74015748,7.166666667,6.0,2.235294118,71.98267717,76.0,52.49411765,4.0,2,505.0_1.26_2.18_140.0
505.0,1.26,2.18,140.0,68.47244094,7.166666667,6.0,3.647058824,62.23149606,76.0,47.97647059,4.0,3,505.0_1.26_2.18_140.0
505.0,1.26,2.18,140.0,57.38582677,6.142857143,7.0,8.0,50.20697413,78.0,63.78823529,4.0,4,505.0_1.26_2.18_140.0
505.0,1.26,2.18,140.0,71.7480315,7.166666667,6.0,7.764705882,33.58740157,72.0,39.36470588,4.0,5,505.0_1.26_2.18_140.0
600.0,1.26,2.18,140.0,67.96850394,7.166666667,6.0,5.705882353,33.58740157,74.0,46.42352941,7.0,1,600.0_1.26_2.18_140.0
600.0,1.26,2.18,140.0,66.70866142,6.142857143,7.0,6.470588235,50.72935883,70.0,51.36470588,7.0,2,600.0_1.26_2.18_140.0
600.0,1.26,2.18,140.0,67.46456693,7.166666667,6.0,6.764705882,61.01259843,76.0,45.01176471,7.0,3,600.0_1.26_2.18_140.0
600.0,1.26,2.18,140.0,69.73228346,6.142857143,7.0,9.352941176,38.19212598,74.0,50.65882353,7.0,4,600.0_1.26_2.18_140.0
600.0,1.26,2.18,140.0,71.24409449,5.375,8.0,7.470588235,20.16259843,60.0,61.52941176,7.0,5,600.0_1.26_2.18_140.0
405.0,1.73,2.82,140.0,70.74015748,7.166666667,6.0,8.823529412,39.68188976,68.0,37.10588235,2.0,1,405.0_1.73_2.82_140.0
405.0,1.73,2.82,140.0,71.7480315,7.166666667,6.0,3.0,62.84094488,72.0,59.27058824,2.0,2,405.0_1.73_2.82_140.0
405.0,1.73,2.82,140.0,68.97637795,7.166666667,6.0,0.0,49.16220472,72.0,49.67058824,2.0,3,405.0_1.73_2.82_140.0
405.0,1.73,2.82,140.0,63.43307087,6.142857143,7.0,9.882352941,51.77412823,74.0,68.58823529,2.0,4,405.0_1.73_2.82_140.0
405.0,1.73,2.82,140.0,66.70866142,5.375,8.0,10.52941176,42.55984252,62.0,35.12941176,2.0,5,405.0_1.73_2.82_140.0
505.0,1.73,2.82,140.0,69.73228346,5.375,8.0,1.352941176,43.01692913,62.0,48.68235294,5.0,1,505.0_1.73_2.82_140.0
505.0,1.73,2.82,140.0,63.18110236,6.142857143,7.0,4.176470588,43.415973,72.0,36.68235294,5.0,2,505.0_1.73_2.82_140.0
505.0,1.73,2.82,140.0,69.22834646,7.166666667,6.0,9.0,36.02519685,72.0,63.50588235,5.0,3,505.0_1.73_2.82_140.0
505.0,1.73,2.82,140.0,63.18110236,6.142857143,7.0,4.176470588,43.415973,72.0,36.68235294,5.0,4,505.0_1.73_2.82_140.0
505.0,1.73,2.82,140.0,69.73228346,5.375,8.0,1.352941176,43.01692913,62.0,48.68235294,5.0,5,505.0_1.73_2.82_140.0
600.0,1.73,2.82,140.0,70.48818898,6.142857143,7.0,6.647058824,40.28166479,68.0,60.25882353,8.0,1,600.0_1.73_2.82_140.0
600.0,1.73,2.82,140.0,66.96062992,7.166666667,6.0,7.705882353,30.54015748,74.0,39.92941176,8.0,2,600.0_1.73_2.82_140.0
600.0,1.73,2.82,140.0,71.49606299,6.142857143,7.0,7.764705882,31.40112486,66.0,39.08235294,8.0,3,600.0_1.73_2.82_140.0
600.0,1.73,2.82,140.0,66.96062992,7.166666667,6.0,11.29411765,36.02519685,76.0,42.61176471,8.0,4,600.0_1.73_2.82_140.0
600.0,1.73,2.82,140.0,69.48031496,7.166666667,6.0,9.0,31.75905512,72.0,62.23529412,8.0,5,600.0_1.73_2.82_140.0
405.0,2.23,3.45,140.0,71.24409449,7.166666667,6.0,5.588235294,30.54015748,70.0,38.37647059,3.0,1,405.0_2.23_3.45_140.0
405.0,2.23,3.45,140.0,66.45669291,7.166666667,6.0,3.470588235,45.77637795,82.0,37.95294118,3.0,2,405.0_2.23_3.45_140.0
405.0,2.23,3.45,140.0,67.96850394,5.375,8.0,10.41176471,19.2484252,62.0,40.49411765,3.0,3,405.0_2.23_3.45_140.0
405.0,2.23,3.45,140.0,72.0,7.166666667,6.0,6.294117647,36.63464567,72.0,42.75294118,3.0,4,405.0_2.23_3.45_140.0
405.0,2.23,3.45,140.0,64.44094488,6.142857143,7.0,4.117647059,52.29651294,68.0,34.84705882,3.0,5,405.0_2.23_3.45_140.0
505.0,2.23,3.45,140.0,71.7480315,6.142857143,7.0,13.05882353,17.81912261,66.0,43.17647059,6.0,1,505.0_2.23_3.45_140.0
505.0,2.23,3.45,140.0,70.74015748,7.166666667,6.0,6.882352941,37.85354331,70.0,34.84705882,6.0,2,505.0_2.23_3.45_140.0
505.0,2.23,3.45,140.0,70.99212598,6.142857143,7.0,4.470588235,38.19212598,68.0,69.15294118,6.0,3,505.0_2.23_3.45_140.0
505.0,2.23,3.45,140.0,70.99212598,6.142857143,7.0,3.117647059,64.31136108,72.0,41.48235294,6.0,4,505.0_2.23_3.45_140.0
505.0,2.23,3.45,140.0,65.95275591,5.375,8.0,6.470588235,50.78740157,66.0,50.23529412,6.0,5,505.0_2.23_3.45_140.0
600.0,2.23,3.45,140.0,71.7480315,7.166666667,6.0,14.88235294,30.54015748,70.0,38.23529412,9.0,1,600.0_2.23_3.45_140.0
600.0,2.23,3.45,140.0,71.24409449,7.166666667,6.0,7.235294118,26.88346457,72.0,37.10588235,9.0,2,600.0_2.23_3.45_140.0
600.0,2.23,3.45,140.0,61.41732283,6.142857143,7.0,4.705882353,71.1023622,72.0,50.09411765,9.0,3,600.0_2.23_3.45_140.0
600.0,2.23,3.45,140.0,68.22047244,5.375,8.0,6.529411765,43.01692913,64.0,44.72941176,9.0,4,600.0_2.23_3.45_140.0
600.0,2.23,3.45,140.0,70.23622047,7.166666667,6.0,5.470588235,29.93070866,72.0,53.05882353,9.0,5,600.0_2.23_3.45_140.0
405.0,1.26,2.82,140.0,71.24409449,7.166666667,6.0,5.705882353,64.66929134,68.0,40.63529412,10.0,1,405.0_1.26_2.82_140.0
405.0,1.26,2.82,140.0,71.7480315,7.166666667,6.0,1.823529412,42.11968504,72.0,34.84705882,10.0,2,405.0_1.26_2.82_140.0
405.0,1.26,2.82,140.0,69.73228346,7.166666667,6.0,4.352941176,52.48031496,72.0,35.12941176,10.0,3,405.0_1.26_2.82_140.0
405.0,1.26,2.82,140.0,66.96062992,5.375,8.0,7.058823529,22.4480315,64.0,36.4,10.0,4,405.0_1.26_2.82_140.0
405.0,1.26,2.82,140.0,68.22047244,6.142857143,7.0,7.235294118,25.65489314,70.0,66.47058824,10.0,5,405.0_1.26_2.82_140.0
505.0,1.26,2.82,140.0,62.42519685,6.142857143,7.0,5.529411765,50.20697413,76.0,34.84705882,16.0,1,505.0_1.26_2.82_140.0
505.0,1.26,2.82,140.0,70.99212598,7.166666667,6.0,5.176470588,34.80629921,74.0,40.07058824,16.0,2,505.0_1.26_2.82_140.0
505.0,1.26,2.82,140.0,69.98425197,7.166666667,6.0,5.235294118,60.40314961,74.0,45.57647059,16.0,3,505.0_1.26_2.82_140.0
505.0,1.26,2.82,140.0,70.23622047,7.166666667,6.0,8.647058824,34.80629921,78.0,48.4,16.0,4,505.0_1.26_2.82_140.0
505.0,1.26,2.82,140.0,66.70866142,5.375,8.0,7.764705882,30.67559055,68.0,68.72941176,16.0,5,505.0_1.26_2.82_140.0
600.0,1.26,2.82,140.0,68.72440945,7.166666667,6.0,7.470588235,28.1023622,74.0,49.52941176,22.0,1,600.0_1.26_2.82_140.0
600.0,1.26,2.82,140.0,67.96850394,7.166666667,6.0,7.352941176,28.71181102,76.0,49.24705882,22.0,2,600.0_1.26_2.82_140.0
600.0,1.26,2.82,140.0,63.43307087,7.166666667,6.0,3.058823529,61.62204724,86.0,40.21176471,22.0,3,600.0_1.26_2.82_140.0
600.0,1.26,2.82,140.0,70.48818898,6.142857143,7.0,7.294117647,25.13250844,66.0,45.15294118,22.0,4,600.0_1.26_2.82_140.0
600.0,1.26,2.82,140.0,66.70866142,5.375,8.0,7.058823529,20.61968504,64.0,65.90588235,22.0,5,600.0_1.26_2.82_140.0
405.0,1.26,3.45,140.0,69.48031496,5.375,8.0,10.64705882,39.81732283,58.0,44.58823529,11.0,1,405.0_1.26_3.45_140.0
405.0,1.26,3.45,140.0,66.96062992,7.166666667,6.0,10.11764706,55.52755906,74.0,53.62352941,11.0,2,405.0_1.26_3.45_140.0
405.0,1.26,3.45,140.0,56.37795276,6.142857143,7.0,8.705882353,71.1023622,84.0,62.09411765,11.0,3,405.0_1.26_3.45_140.0
405.0,1.26,3.45,140.0,69.48031496,5.375,8.0,10.64705882,39.81732283,58.0,44.58823529,11.0,4,405.0_1.26_3.45_140.0
405.0,1.26,3.45,140.0,70.74015748,7.166666667,6.0,10.47058824,52.48031496,70.0,37.67058824,11.0,5,405.0_1.26_3.45_140.0
505.0,1.26,3.45,140.0,69.48031496,5.375,8.0,10.64705882,42.55984252,64.0,55.6,17.0,1,505.0_1.26_3.45_140.0
505.0,1.26,3.45,140.0,69.22834646,7.166666667,6.0,4.882352941,38.46299213,72.0,36.68235294,17.0,2,505.0_1.26_3.45_140.0
505.0,1.26,3.45,140.0,69.48031496,5.375,8.0,10.64705882,42.55984252,64.0,55.6,17.0,3,505.0_1.26_3.45_140.0
505.0,1.26,3.45,140.0,60.91338583,6.142857143,7.0,4.117647059,57.52035996,76.0,62.51764706,17.0,4,505.0_1.26_3.45_140.0
505.0,1.26,3.45,140.0,71.24409449,7.166666667,6.0,9.470588235,33.58740157,74.0,59.55294118,17.0,5,505.0_1.26_3.45_140.0
600.0,1.26,3.45,140.0,68.22047244,4.777777778,9.0,12.0,26.45459318,60.0,47.69411765,23.0,1,600.0_1.26_3.45_140.0
600.0,1.26,3.45,140.0,71.7480315,7.166666667,6.0,8.411764706,43.9480315,74.0,41.2,23.0,2,600.0_1.26_3.45_140.0
600.0,1.26,3.45,140.0,63.18110236,5.375,8.0,5.294117647,59.47204724,74.0,62.8,23.0,3,600.0_1.26_3.45_140.0
600.0,1.26,3.45,140.0,70.99212598,7.166666667,6.0,7.941176471,20.17952756,74.0,59.55294118,23.0,4,600.0_1.26_3.45_140.0
600.0,1.26,3.45,140.0,57.63779528,6.142857143,7.0,7.058823529,49.16220472,90.0,34.70588235,23.0,5,600.0_1.26_3.45_140.0
405.0,2.23,2.18,140.0,71.7480315,7.166666667,6.0,12.76470588,35.41574803,70.0,47.55294118,14.0,1,405.0_2.23_2.18_140.0
405.0,2.23,2.18,140.0,69.73228346,7.166666667,6.0,5.588235294,57.96535433,76.0,65.90588235,14.0,2,405.0_2.23_2.18_140.0
405.0,2.23,2.18,140.0,70.99212598,7.166666667,6.0,8.941176471,54.30866142,74.0,62.94117647,14.0,3,405.0_2.23_2.18_140.0
405.0,2.23,2.18,140.0,68.47244094,6.142857143,7.0,9.529411765,37.14735658,66.0,55.45882353,14.0,4,405.0_2.23_2.18_140.0
405.0,2.23,2.18,140.0,70.23622047,7.166666667,6.0,8.588235294,47.60472441,70.0,40.21176471,14.0,5,405.0_2.23_2.18_140.0
505.0,2.23,2.18,140.0,63.93700787,6.142857143,7.0,4.764705882,38.19212598,72.0,53.76470588,20.0,1,505.0_2.23_2.18_140.0
505.0,2.23,2.18,140.0,69.22834646,7.166666667,6.0,3.882352941,58.57480315,76.0,37.38823529,20.0,2,505.0_2.23_2.18_140.0
505.0,2.23,2.18,140.0,70.48818898,7.166666667,6.0,10.58823529,49.43307087,70.0,49.67058824,20.0,3,505.0_2.23_2.18_140.0
505.0,2.23,2.18,140.0,66.96062992,5.375,8.0,5.647058824,24.27637795,64.0,56.16470588,20.0,4,505.0_2.23_2.18_140.0
505.0,2.23,2.18,140.0,70.74015748,7.166666667,6.0,5.235294118,46.99527559,72.0,34.56470588,20.0,5,505.0_2.23_2.18_140.0
600.0,2.23,2.18,140.0,69.48031496,6.142857143,7.0,12.52941176,51.77412823,64.0,34.28235294,26.0,1,600.0_2.23_2.18_140.0
600.0,2.23,2.18,140.0,72.0,7.166666667,6.0,7.0,53.6992126,68.0,44.02352941,26.0,2,600.0_2.23_2.18_140.0
600.0,2.23,2.18,140.0,71.24409449,7.166666667,6.0,9.235294118,45.16692913,70.0,43.31764706,26.0,3,600.0_2.23_2.18_140.0
600.0,2.23,2.18,140.0,71.24409449,6.142857143,7.0,9.705882353,16.2519685,66.0,49.95294118,26.0,4,600.0_2.23_2.18_140.0
600.0,2.23,2.18,140.0,67.71653543,5.375,8.0,6.705882353,24.73346457,64.0,51.22352941,26.0,5,600.0_2.23_2.18_140.0
405.0,1.73,3.45,140.0,72.0,7.166666667,6.0,2.294117647,69.54488189,66.0,37.52941176,13.0,1,405.0_1.73_3.45_140.0
405.0,1.73,3.45,140.0,68.97637795,6.142857143,7.0,7.411764706,26.17727784,68.0,39.64705882,13.0,2,405.0_1.73_3.45_140.0
405.0,1.73,3.45,140.0,70.74015748,7.166666667,6.0,5.352941176,35.41574803,72.0,34.42352941,13.0,3,405.0_1.73_3.45_140.0
405.0,1.73,3.45,140.0,72.0,7.166666667,6.0,2.235294118,71.98267717,66.0,37.52941176,13.0,4,405.0_1.73_3.45_140.0
405.0,1.73,3.45,140.0,67.21259843,5.375,8.0,4.647058824,43.93110236,58.0,44.87058824,13.0,5,405.0_1.73_3.45_140.0
505.0,1.73,3.45,140.0,66.70866142,5.375,8.0,5.529411765,24.73346457,64.0,34.56470588,19.0,1,505.0_1.73_3.45_140.0
505.0,1.73,3.45,140.0,70.23622047,7.166666667,6.0,9.588235294,47.60472441,70.0,62.37647059,19.0,2,505.0_1.73_3.45_140.0
505.0,1.73,3.45,140.0,71.7480315,7.166666667,6.0,10.76470588,49.43307087,70.0,63.22352941,19.0,3,505.0_1.73_3.45_140.0
505.0,1.73,3.45,140.0,71.24409449,7.166666667,6.0,9.588235294,40.9007874,74.0,42.04705882,19.0,4,505.0_1.73_3.45_140.0
505.0,1.73,3.45,140.0,62.67716535,6.142857143,7.0,13.82352941,30.35635546,76.0,45.85882353,19.0,5,505.0_1.73_3.45_140.0
600.0,1.73,3.45,140.0,70.48818898,7.166666667,6.0,7.470588235,45.16692913,70.0,42.89411765,25.0,1,600.0_1.73_3.45_140.0
600.0,1.73,3.45,140.0,69.48031496,7.166666667,6.0,13.88235294,61.62204724,80.0,57.29411765,25.0,2,600.0_1.73_3.45_140.0
600.0,1.73,3.45,140.0,69.73228346,7.166666667,6.0,14.82352941,51.26141732,74.0,57.43529412,25.0,3,600.0_1.73_3.45_140.0
600.0,1.73,3.45,140.0,61.41732283,6.142857143,7.0,9.0,39.23689539,74.0,61.81176471,25.0,4,600.0_1.73_3.45_140.0
600.0,1.73,3.45,140.0,65.7007874,5.375,8.0,9.529411765,16.96299213,68.0,51.50588235,25.0,5,600.0_1.73_3.45_140.0
405.0,2.23,2.82,140.0,70.23622047,7.166666667,6.0,11.64705882,21.3984252,72.0,41.62352941,15.0,1,405.0_2.23_2.82_140.0
405.0,2.23,2.82,140.0,67.46456693,6.142857143,7.0,13.23529412,49.68458943,66.0,56.44705882,15.0,2,405.0_2.23_2.82_140.0
405.0,2.23,2.82,140.0,62.17322835,5.375,8.0,6.058823529,38.44606299,66.0,62.94117647,15.0,3,405.0_2.23_2.82_140.0
405.0,2.23,2.82,140.0,71.24409449,7.166666667,6.0,12.17647059,53.6992126,68.0,45.43529412,15.0,4,405.0_2.23_2.82_140.0
405.0,2.23,2.82,140.0,71.7480315,7.166666667,6.0,9.058823529,59.18425197,68.0,35.12941176,15.0,5,405.0_2.23_2.82_140.0
505.0,2.23,2.82,140.0,62.92913386,6.142857143,7.0,10.23529412,51.25174353,72.0,44.58823529,21.0,1,505.0_2.23_2.82_140.0
505.0,2.23,2.82,140.0,71.24409449,7.166666667,6.0,7.176470588,23.83622047,72.0,41.2,21.0,2,505.0_2.23_2.82_140.0
505.0,2.23,2.82,140.0,69.48031496,7.166666667,6.0,2.294117647,81.12440945,76.0,41.2,21.0,3,505.0_2.23_2.82_140.0
505.0,2.23,2.82,140.0,66.70866142,5.375,8.0,4.294117647,34.33228346,66.0,49.52941176,21.0,4,505.0_2.23_2.82_140.0
505.0,2.23,2.82,140.0,70.48818898,7.166666667,6.0,11.70588235,40.9007874,70.0,63.22352941,21.0,5,505.0_2.23_2.82_140.0
600.0,2.23,2.82,140.0,67.21259843,6.142857143,7.0,7.764705882,38.19212598,66.0,48.4,27.0,1,600.0_2.23_2.82_140.0
600.0,2.23,2.82,140.0,72.0,7.166666667,6.0,2.529411765,70.15433071,68.0,48.11764706,27.0,2,600.0_2.23_2.82_140.0
600.0,2.23,2.82,140.0,67.46456693,6.142857143,7.0,12.64705882,54.90843645,72.0,50.94117647,27.0,3,600.0_2.23_2.82_140.0
600.0,2.23,2.82,140.0,69.22834646,5.375,8.0,6.941176471,40.27440945,62.0,54.75294118,27.0,4,600.0_2.23_2.82_140.0
600.0,2.23,2.82,140.0,71.49606299,7.166666667,6.0,2.411764706,68.93543307,68.0,49.38823529,27.0,5,600.0_2.23_2.82_140.0
405.0,1.26,2.18,160.0,68.97637795,6.142857143,7.0,14.29411765,67.96805399,84.0,57.45098039,1.0,1,405.0_1.26_2.18_160.0
405.0,1.26,2.18,160.0,67.46456693,6.142857143,7.0,4.647058824,51.25174353,90.0,43.38039216,1.0,2,405.0_1.26_2.18_160.0
405.0,1.26,2.18,160.0,71.24409449,7.166666667,6.0,6.352941176,54.91811024,92.0,68.2745098,1.0,3,405.0_1.26_2.18_160.0
405.0,1.26,2.18,160.0,62.42519685,5.375,8.0,7.764705882,40.27440945,90.0,52.03921569,1.0,4,405.0_1.26_2.18_160.0
405.0,1.26,2.18,160.0,71.24409449,7.166666667,6.0,5.823529412,50.6519685,92.0,38.87058824,1.0,5,405.0_1.26_2.18_160.0
505.0,1.26,2.18,160.0,70.48818898,7.166666667,6.0,8.647058824,28.1023622,96.0,51.31764706,4.0,1,505.0_1.26_2.18_160.0
505.0,1.26,2.18,160.0,71.7480315,7.166666667,6.0,4.294117647,58.57480315,94.0,39.41176471,4.0,2,505.0_1.26_2.18_160.0
505.0,1.26,2.18,160.0,62.92913386,6.142857143,7.0,5.294117647,46.02789651,98.0,74.40784314,4.0,3,505.0_1.26_2.18_160.0
505.0,1.26,2.18,160.0,66.70866142,5.375,8.0,8.176470588,22.90511811,86.0,65.74901961,4.0,4,505.0_1.26_2.18_160.0
505.0,1.26,2.18,160.0,70.74015748,7.166666667,6.0,8.588235294,40.29133858,94.0,36.88627451,4.0,5,505.0_1.26_2.18_160.0
600.0,1.26,2.18,160.0,71.24409449,6.142857143,7.0,4.764705882,44.46074241,92.0,75.30980392,7.0,1,600.0_1.26_2.18_160.0
600.0,1.26,2.18,160.0,70.99212598,7.166666667,6.0,12.47058824,50.04251969,96.0,63.04313725,7.0,2,600.0_1.26_2.18_160.0
600.0,1.26,2.18,160.0,66.45669291,6.142857143,7.0,8.588235294,44.46074241,96.0,61.23921569,7.0,3,600.0_1.26_2.18_160.0
600.0,1.26,2.18,160.0,69.73228346,7.166666667,6.0,5.882352941,38.46299213,96.0,44.28235294,7.0,4,600.0_1.26_2.18_160.0
600.0,1.26,2.18,160.0,67.96850394,5.375,8.0,8.470588235,27.01889764,86.0,35.98431373,7.0,5,600.0_1.26_2.18_160.0
405.0,1.73,2.82,160.0,61.92125984,6.142857143,7.0,6.823529412,38.71451069,98.0,34.0,2.0,1,405.0_1.73_2.82_160.0
405.0,1.73,2.82,160.0,72.0,5.375,8.0,6.470588235,30.67559055,80.0,41.75686275,2.0,2,405.0_1.73_2.82_160.0
405.0,1.73,2.82,160.0,69.48031496,7.166666667,6.0,8.882352941,53.08976378,92.0,64.30588235,2.0,3,405.0_1.73_2.82_160.0
405.0,1.73,2.82,160.0,66.96062992,4.777777778,9.0,7.117647059,23.20419948,76.0,45.7254902,2.0,4,405.0_1.73_2.82_160.0
405.0,1.73,2.82,160.0,69.73228346,7.166666667,6.0,1.176470588,59.79370079,94.0,49.8745098,2.0,5,405.0_1.73_2.82_160.0
505.0,1.73,2.82,160.0,66.70866142,6.142857143,7.0,12.35294118,70.5799775,92.0,70.8,5.0,1,505.0_1.73_2.82_160.0
505.0,1.73,2.82,160.0,71.24409449,7.166666667,6.0,8.941176471,60.40314961,98.0,52.03921569,5.0,2,505.0_1.73_2.82_160.0
505.0,1.73,2.82,160.0,70.74015748,7.166666667,6.0,9.705882353,48.82362205,92.0,48.43137255,5.0,3,505.0_1.73_2.82_160.0
505.0,1.73,2.82,160.0,71.7480315,7.166666667,6.0,8.352941176,48.82362205,92.0,47.70980392,5.0,4,505.0_1.73_2.82_160.0
505.0,1.73,2.82,160.0,69.48031496,5.375,8.0,10.70588235,37.98897638,80.0,56.90980392,5.0,5,505.0_1.73_2.82_160.0
600.0,1.73,2.82,160.0,71.24409449,7.166666667,6.0,7.529411765,35.41574803,92.0,52.58039216,8.0,1,600.0_1.73_2.82_160.0
600.0,1.73,2.82,160.0,68.72440945,7.166666667,6.0,9.529411765,49.43307087,116.0,78.01568627,8.0,2,600.0_1.73_2.82_160.0
600.0,1.73,2.82,160.0,60.15748031,6.142857143,7.0,4.470588235,61.17705287,96.0,66.65098039,8.0,3,600.0_1.73_2.82_160.0
600.0,1.73,2.82,160.0,63.43307087,5.375,8.0,5.647058824,40.27440945,88.0,45.54509804,8.0,4,600.0_1.73_2.82_160.0
600.0,1.73,2.82,160.0,71.7480315,7.166666667,6.0,11.35294118,55.52755906,94.0,38.32941176,8.0,5,600.0_1.73_2.82_160.0
405.0,2.23,3.45,160.0,69.73228346,5.375,8.0,7.705882353,42.10275591,76.0,45.36470588,3.0,1,405.0_2.23_3.45_160.0
405.0,2.23,3.45,160.0,71.24409449,7.166666667,6.0,5.176470588,48.21417323,92.0,42.83921569,3.0,2,405.0_2.23_3.45_160.0
405.0,2.23,3.45,160.0,70.74015748,5.375,8.0,6.058823529,37.98897638,78.0,43.92156863,3.0,3,405.0_2.23_3.45_160.0
405.0,2.23,3.45,160.0,65.4488189,6.142857143,7.0,7.117647059,51.77412823,94.0,55.82745098,3.0,4,405.0_2.23_3.45_160.0
405.0,2.23,3.45,160.0,71.24409449,7.166666667,6.0,7.470588235,60.40314961,94.0,37.60784314,3.0,5,405.0_2.23_3.45_160.0
600.0,2.23,3.45,160.0,70.23622047,7.166666667,6.0,6.588235294,49.43307087,94.0,49.51372549,9.0,1,600.0_2.23_3.45_160.0
600.0,2.23,3.45,160.0,72.0,7.166666667,6.0,6.647058824,49.43307087,96.0,50.95686275,9.0,2,600.0_2.23_3.45_160.0
600.0,2.23,3.45,160.0,62.92913386,6.142857143,7.0,4.117647059,65.35613048,96.0,41.75686275,9.0,3,600.0_2.23_3.45_160.0
600.0,2.23,3.45,160.0,66.96062992,5.375,8.0,13.88235294,39.36023622,84.0,61.05882353,9.0,4,600.0_2.23_3.45_160.0
600.0,2.23,3.45,160.0,72.0,7.166666667,6.0,7.235294118,49.43307087,92.0,35.80392157,9.0,5,600.0_2.23_3.45_160.0
405.0,1.26,2.82,160.0,71.24409449,7.166666667,6.0,9.0,51.87086614,94.0,34.0,10.0,1,405.0_1.26_2.82_160.0
405.0,1.26,2.82,160.0,57.63779528,6.142857143,7.0,4.941176471,62.74420697,98.0,77.65490196,10.0,2,405.0_1.26_2.82_160.0
405.0,1.26,2.82,160.0,69.73228346,7.166666667,6.0,6.117647059,70.76377953,96.0,45.90588235,10.0,3,405.0_1.26_2.82_160.0
405.0,1.26,2.82,160.0,64.44094488,5.375,8.0,11.82352941,21.99094488,92.0,61.78039216,10.0,4,405.0_1.26_2.82_160.0
405.0,1.26,2.82,160.0,68.97637795,4.777777778,9.0,7.764705882,35.79947507,72.0,35.80392157,10.0,5,405.0_1.26_2.82_160.0
505.0,1.26,2.82,160.0,65.95275591,7.166666667,6.0,4.0,56.74645669,116.0,43.92156863,16.0,1,505.0_1.26_2.82_160.0
505.0,1.26,2.82,160.0,69.98425197,7.166666667,6.0,5.352941176,50.04251969,94.0,58.35294118,16.0,2,505.0_1.26_2.82_160.0
505.0,1.26,2.82,160.0,60.15748031,6.142857143,7.0,7.941176471,67.44566929,96.0,66.47058824,16.0,3,505.0_1.26_2.82_160.0
505.0,1.26,2.82,160.0,63.18110236,5.375,8.0,7.705882353,37.07480315,88.0,48.25098039,16.0,4,505.0_1.26_2.82_160.0
505.0,1.26,2.82,160.0,70.99212598,7.166666667,6.0,7.470588235,58.57480315,92.0,59.97647059,16.0,5,505.0_1.26_2.82_160.0
600.0,1.26,2.82,160.0,60.66141732,6.142857143,7.0,8.411764706,54.90843645,102.0,57.99215686,22.0,1,600.0_1.26_2.82_160.0
600.0,1.26,2.82,160.0,71.24409449,7.166666667,6.0,7.882352941,48.82362205,94.0,35.2627451,22.0,2,600.0_1.26_2.82_160.0
600.0,1.26,2.82,160.0,70.48818898,7.166666667,6.0,2.470588235,78.07716535,94.0,67.55294118,22.0,3,600.0_1.26_2.82_160.0
600.0,1.26,2.82,160.0,65.19685039,5.375,8.0,8.941176471,41.18858268,88.0,48.97254902,22.0,4,600.0_1.26_2.82_160.0
600.0,1.26,2.82,160.0,72.0,7.166666667,6.0,11.41176471,61.01259843,94.0,43.38039216,22.0,5,600.0_1.26_2.82_160.0
405.0,1.26,3.45,160.0,59.1496063,6.142857143,7.0,3.882352941,56.47559055,102.0,76.57254902,11.0,1,405.0_1.26_3.45_160.0
405.0,1.26,3.45,160.0,72.0,7.166666667,6.0,7.176470588,71.98267717,90.0,45.54509804,11.0,2,405.0_1.26_3.45_160.0
405.0,1.26,3.45,160.0,69.73228346,7.166666667,6.0,8.117647059,50.6519685,94.0,35.62352941,11.0,3,405.0_1.26_3.45_160.0
405.0,1.26,3.45,160.0,64.69291339,5.375,8.0,12.11764706,21.53385827,90.0,60.15686275,11.0,4,405.0_1.26_3.45_160.0
405.0,1.26,3.45,160.0,70.23622047,7.166666667,6.0,7.882352941,71.37322835,92.0,35.62352941,11.0,5,405.0_1.26_3.45_160.0
505.0,1.26,3.45,160.0,68.47244094,5.375,8.0,11.23529412,35.70354331,84.0,48.43137255,17.0,1,505.0_1.26_3.45_160.0
505.0,1.26,3.45,160.0,60.66141732,6.142857143,7.0,3.294117647,70.0575928,98.0,58.53333333,17.0,2,505.0_1.26_3.45_160.0
505.0,1.26,3.45,160.0,69.73228346,5.375,8.0,10.88235294,32.96102362,82.0,69.89803922,17.0,3,505.0_1.26_3.45_160.0
505.0,1.26,3.45,160.0,71.7480315,7.166666667,6.0,9.294117647,48.82362205,92.0,67.19215686,17.0,4,505.0_1.26_3.45_160.0
505.0,1.26,3.45,160.0,71.24409449,7.166666667,6.0,8.411764706,49.43307087,94.0,44.64313725,17.0,5,505.0_1.26_3.45_160.0
600.0,1.26,3.45,160.0,70.48818898,7.166666667,6.0,8.235294118,68.93543307,90.0,40.49411765,23.0,1,600.0_1.26_3.45_160.0
600.0,1.26,3.45,160.0,66.70866142,5.375,8.0,11.11764706,48.04488189,84.0,74.94901961,23.0,2,600.0_1.26_3.45_160.0
600.0,1.26,3.45,160.0,69.73228346,4.777777778,9.0,5.176470588,33.36167979,72.0,43.2,23.0,3,600.0_1.26_3.45_160.0
600.0,1.26,3.45,160.0,62.67716535,6.142857143,7.0,7.647058824,61.17705287,96.0,65.38823529,23.0,4,600.0_1.26_3.45_160.0
600.0,1.26,3.45,160.0,71.24409449,7.166666667,6.0,9.588235294,43.33858268,94.0,34.18039216,23.0,5,600.0_1.26_3.45_160.0
405.0,2.23,2.18,160.0,72.0,7.166666667,6.0,8.823529412,48.82362205,96.0,76.75294118,14.0,1,405.0_2.23_2.18_160.0
405.0,2.23,2.18,160.0,68.22047244,5.375,8.0,14.47058824,57.18661417,80.0,41.03529412,14.0,2,405.0_2.23_2.18_160.0
405.0,2.23,2.18,160.0,71.24409449,7.166666667,6.0,7.529411765,62.84094488,90.0,64.48627451,14.0,3,405.0_2.23_2.18_160.0
405.0,2.23,2.18,160.0,69.73228346,6.142857143,7.0,7.823529412,45.50551181,84.0,39.05098039,14.0,4,405.0_2.23_2.18_160.0
405.0,2.23,2.18,160.0,72.0,7.166666667,6.0,8.823529412,48.82362205,96.0,76.75294118,14.0,5,405.0_2.23_2.18_160.0
505.0,2.23,2.18,160.0,71.49606299,7.166666667,6.0,5.941176471,47.60472441,90.0,34.36078431,20.0,1,505.0_2.23_2.18_160.0
505.0,2.23,2.18,160.0,63.68503937,6.142857143,7.0,4.764705882,43.93835771,96.0,55.28627451,20.0,2,505.0_2.23_2.18_160.0
505.0,2.23,2.18,160.0,69.98425197,7.166666667,6.0,3.176470588,61.01259843,98.0,75.12941176,20.0,3,505.0_2.23_2.18_160.0
505.0,2.23,2.18,160.0,69.48031496,7.166666667,6.0,6.0,52.48031496,94.0,37.24705882,20.0,4,505.0_2.23_2.18_160.0
505.0,2.23,2.18,160.0,70.99212598,5.375,8.0,9.588235294,36.16062992,78.0,43.92156863,20.0,5,505.0_2.23_2.18_160.0
600.0,2.23,2.18,160.0,70.74015748,7.166666667,6.0,8.411764706,52.48031496,96.0,58.35294118,26.0,1,600.0_2.23_2.18_160.0
600.0,2.23,2.18,160.0,70.23622047,7.166666667,6.0,7.941176471,48.82362205,94.0,60.69803922,26.0,2,600.0_2.23_2.18_160.0
600.0,2.23,2.18,160.0,66.70866142,5.375,8.0,8.176470588,37.98897638,82.0,70.98039216,26.0,3,600.0_2.23_2.18_160.0
600.0,2.23,2.18,160.0,68.72440945,7.166666667,6.0,5.117647059,48.21417323,96.0,58.17254902,26.0,4,600.0_2.23_2.18_160.0
600.0,2.23,2.18,160.0,64.18897638,6.142857143,7.0,5.529411765,66.92328459,92.0,34.0,26.0,5,600.0_2.23_2.18_160.0
405.0,1.73,3.45,160.0,69.48031496,6.142857143,7.0,7.529411765,48.63982002,86.0,68.99607843,13.0,1,405.0_1.73_3.45_160.0
405.0,1.73,3.45,160.0,69.98425197,7.166666667,6.0,8.764705882,71.37322835,92.0,35.08235294,13.0,2,405.0_1.73_3.45_160.0
405.0,1.73,3.45,160.0,69.48031496,6.142857143,7.0,7.529411765,48.63982002,86.0,68.99607843,13.0,3,405.0_1.73_3.45_160.0
405.0,1.73,3.45,160.0,64.69291339,5.375,8.0,4.529411765,55.35826772,90.0,44.10196078,13.0,4,405.0_1.73_3.45_160.0
405.0,1.73,3.45,160.0,71.24409449,7.166666667,6.0,13.47058824,39.68188976,92.0,54.20392157,13.0,5,405.0_1.73_3.45_160.0
505.0,1.73,3.45,160.0,70.23622047,7.166666667,6.0,9.529411765,38.46299213,94.0,35.98431373,19.0,1,505.0_1.73_3.45_160.0
505.0,1.73,3.45,160.0,70.48818898,7.166666667,6.0,8.823529412,44.55748031,94.0,47.52941176,19.0,2,505.0_1.73_3.45_160.0
505.0,1.73,3.45,160.0,60.40944882,6.142857143,7.0,3.117647059,52.81889764,96.0,55.28627451,19.0,3,505.0_1.73_3.45_160.0
505.0,1.73,3.45,160.0,66.70866142,5.375,8.0,9.117647059,27.01889764,86.0,76.75294118,19.0,4,505.0_1.73_3.45_160.0
505.0,1.73,3.45,160.0,70.48818898,7.166666667,6.0,8.823529412,44.55748031,94.0,47.52941176,19.0,5,505.0_1.73_3.45_160.0
600.0,1.73,3.45,160.0,60.15748031,6.142857143,7.0,7.529411765,61.17705287,100.0,60.69803922,25.0,1,600.0_1.73_3.45_160.0
600.0,1.73,3.45,160.0,69.73228346,5.375,8.0,1.705882353,49.87322835,82.0,52.76078431,25.0,2,600.0_1.73_3.45_160.0
600.0,1.73,3.45,160.0,71.24409449,7.166666667,6.0,9.352941176,48.82362205,94.0,35.08235294,25.0,3,600.0_1.73_3.45_160.0
600.0,1.73,3.45,160.0,69.73228346,5.375,8.0,1.705882353,49.87322835,82.0,52.76078431,25.0,4,600.0_1.73_3.45_160.0
600.0,1.73,3.45,160.0,66.70866142,4.777777778,9.0,8.941176471,29.29868766,80.0,42.29803922,25.0,5,600.0_1.73_3.45_160.0
405.0,2.23,2.82,160.0,69.98425197,6.142857143,7.0,5.882352941,38.19212598,90.0,58.35294118,15.0,1,405.0_2.23_2.82_160.0
405.0,2.23,2.82,160.0,70.23622047,7.166666667,6.0,8.705882353,59.79370079,92.0,73.68627451,15.0,2,405.0_2.23_2.82_160.0
405.0,2.23,2.82,160.0,69.98425197,6.142857143,7.0,5.882352941,38.19212598,90.0,58.35294118,15.0,3,405.0_2.23_2.82_160.0
405.0,2.23,2.82,160.0,70.23622047,7.166666667,6.0,8.0,60.40314961,92.0,72.24313725,15.0,4,405.0_2.23_2.82_160.0
405.0,2.23,2.82,160.0,63.68503937,5.375,8.0,4.823529412,53.52992126,86.0,78.91764706,15.0,5,405.0_2.23_2.82_160.0
505.0,2.23,2.82,160.0,71.49606299,7.166666667,6.0,8.588235294,64.05984252,90.0,39.05098039,21.0,1,505.0_2.23_2.82_160.0
505.0,2.23,2.82,160.0,67.71653543,6.142857143,7.0,8.705882353,62.74420697,90.0,62.50196078,21.0,2,505.0_2.23_2.82_160.0
505.0,2.23,2.82,160.0,70.74015748,6.142857143,7.0,14.88235294,48.11743532,86.0,79.09803922,21.0,3,505.0_2.23_2.82_160.0
505.0,2.23,2.82,160.0,65.95275591,5.375,8.0,10.70588235,42.55984252,82.0,57.63137255,21.0,4,505.0_2.23_2.82_160.0
505.0,2.23,2.82,160.0,70.99212598,7.166666667,6.0,9.294117647,63.4503937,92.0,38.14901961,21.0,5,505.0_2.23_2.82_160.0
600.0,2.23,2.82,160.0,71.49606299,7.166666667,6.0,8.588235294,48.82362205,92.0,56.90980392,27.0,1,600.0_2.23_2.82_160.0
600.0,2.23,2.82,160.0,72.0,7.166666667,6.0,8.764705882,61.01259843,92.0,48.97254902,27.0,2,600.0_2.23_2.82_160.0
600.0,2.23,2.82,160.0,71.49606299,7.166666667,6.0,8.470588235,67.71653543,94.0,48.07058824,27.0,3,600.0_2.23_2.82_160.0
600.0,2.23,2.82,160.0,62.17322835,6.142857143,7.0,6.705882353,35.58020247,100.0,53.6627451,27.0,4,600.0_2.23_2.82_160.0
600.0,2.23,2.82,160.0,67.71653543,5.375,8.0,3.823529412,43.01692913,82.0,70.25882353,27.0,5,600.0_2.23_2.82_160.0
405.0,1.26,2.18,180.0,72.0,5.375,8.0,8.705882353,37.98897638,112.0,45.41960784,1.0,1,405.0_1.26_2.18_180.0
405.0,1.26,2.18,180.0,68.22047244,3.909090909,11.0,8.352941176,30.62018611,92.0,70.45490196,1.0,2,405.0_1.26_2.18_180.0
405.0,1.26,2.18,180.0,69.48031496,4.777777778,9.0,11.58823529,54.89553806,114.0,78.8,1.0,3,405.0_1.26_2.18_180.0
405.0,1.26,2.18,180.0,70.48818898,3.583333333,12.0,8.588235294,36.90551181,74.0,52.88627451,1.0,4,405.0_1.26_2.18_180.0
405.0,1.26,2.18,180.0,71.24409449,4.3,10.0,7.588235294,43.55527559,98.0,75.28627451,1.0,5,405.0_1.26_2.18_180.0
505.0,1.26,2.18,180.0,71.24409449,5.375,8.0,7.588235294,41.18858268,114.0,55.96078431,4.0,1,505.0_1.26_2.18_180.0
505.0,1.26,2.18,180.0,68.22047244,3.909090909,11.0,8.823529412,30.62018611,92.0,67.16078431,4.0,2,505.0_1.26_2.18_180.0
505.0,1.26,2.18,180.0,69.73228346,4.777777778,9.0,9.941176471,48.80104987,110.0,53.98431373,4.0,3,505.0_1.26_2.18_180.0
505.0,1.26,2.18,180.0,72.0,3.583333333,12.0,8.764705882,24.41181102,74.0,34.43921569,4.0,4,505.0_1.26_2.18_180.0
505.0,1.26,2.18,180.0,71.24409449,5.375,8.0,7.529411765,41.64566929,114.0,83.41176471,4.0,5,505.0_1.26_2.18_180.0
600.0,1.26,2.18,180.0,72.0,4.777777778,9.0,8.588235294,43.5191601,104.0,47.61568627,7.0,1,600.0_1.26_2.18_180.0
600.0,1.26,2.18,180.0,70.99212598,4.777777778,9.0,6.529411765,47.17585302,104.0,69.35686275,7.0,2,600.0_1.26_2.18_180.0
600.0,1.26,2.18,180.0,69.22834646,4.3,10.0,7.117647059,40.99559055,100.0,50.47058824,7.0,3,600.0_1.26_2.18_180.0
600.0,1.26,2.18,180.0,66.70866142,3.909090909,11.0,6.529411765,37.60114531,96.0,81.8745098,7.0,4,600.0_1.26_2.18_180.0
600.0,1.26,2.18,180.0,67.96850394,3.583333333,12.0,7.176470588,33.55354331,86.0,73.52941176,7.0,5,600.0_1.26_2.18_180.0
405.0,1.73,2.82,180.0,72.0,5.375,8.0,6.882352941,37.98897638,96.0,45.41960784,2.0,1,405.0_1.73_2.82_180.0
405.0,1.73,2.82,180.0,72.0,5.375,8.0,6.941176471,37.07480315,94.0,72.43137255,2.0,2,405.0_1.73_2.82_180.0
405.0,1.73,2.82,180.0,72.0,5.375,8.0,6.529411765,44.38818898,108.0,71.77254902,2.0,3,405.0_1.73_2.82_180.0
405.0,1.73,2.82,180.0,72.0,5.375,8.0,6.529411765,44.38818898,108.0,71.77254902,2.0,4,405.0_1.73_2.82_180.0
405.0,1.73,2.82,180.0,72.0,5.375,8.0,6.529411765,44.38818898,108.0,71.77254902,2.0,5,405.0_1.73_2.82_180.0
505.0,1.73,2.82,180.0,72.0,4.777777778,9.0,8.588235294,47.58215223,88.0,74.84705882,5.0,1,505.0_1.73_2.82_180.0
505.0,1.73,2.82,180.0,71.49606299,5.375,8.0,7.823529412,52.61574803,96.0,63.64705882,5.0,2,505.0_1.73_2.82_180.0
505.0,1.73,2.82,180.0,71.49606299,4.777777778,9.0,7.823529412,46.36325459,88.0,65.40392157,5.0,3,505.0_1.73_2.82_180.0
505.0,1.73,2.82,180.0,71.7480315,3.909090909,11.0,7.647058824,36.60386543,76.0,63.20784314,5.0,4,505.0_1.73_2.82_180.0
505.0,1.73,2.82,180.0,72.0,4.777777778,9.0,8.588235294,47.58215223,88.0,74.84705882,5.0,5,505.0_1.73_2.82_180.0
600.0,1.73,2.82,180.0,71.7480315,3.909090909,11.0,7.823529412,37.93357194,78.0,34.65882353,8.0,1,600.0_1.73_2.82_180.0
600.0,1.73,2.82,180.0,68.72440945,4.3,10.0,5.235294118,48.67464567,106.0,49.15294118,8.0,2,600.0_1.73_2.82_180.0
600.0,1.73,2.82,180.0,67.21259843,4.777777778,9.0,8.529411765,43.5191601,122.0,80.3372549,8.0,3,600.0_1.73_2.82_180.0
600.0,1.73,2.82,180.0,72.0,3.909090909,11.0,9.294117647,29.2904796,88.0,85.82745098,8.0,4,600.0_1.73_2.82_180.0
600.0,1.73,2.82,180.0,70.23622047,3.583333333,12.0,9.235294118,24.10708661,84.0,88.02352941,8.0,5,600.0_1.73_2.82_180.0
405.0,2.23,3.45,180.0,70.48818898,5.375,8.0,8.823529412,38.90314961,116.0,54.64313725,3.0,1,405.0_2.23_3.45_180.0
405.0,2.23,3.45,180.0,69.73228346,3.909090909,11.0,8.764705882,27.62834646,88.0,77.70196078,3.0,2,405.0_2.23_3.45_180.0
405.0,2.23,3.45,180.0,68.97637795,4.777777778,9.0,6.823529412,43.92545932,110.0,50.03137255,3.0,3,405.0_2.23_3.45_180.0
405.0,2.23,3.45,180.0,71.24409449,4.3,10.0,9.176470588,30.02551181,98.0,40.36862745,3.0,4,405.0_2.23_3.45_180.0
405.0,2.23,3.45,180.0,72.0,3.583333333,12.0,8.647058824,23.8023622,74.0,35.09803922,3.0,5,405.0_2.23_3.45_180.0
505.0,2.23,3.45,180.0,69.73228346,4.3,10.0,6.352941176,38.8015748,106.0,50.47058824,6.0,1,505.0_2.23_3.45_180.0
505.0,2.23,3.45,180.0,67.46456693,4.777777778,9.0,7.117647059,50.01994751,118.0,44.54117647,6.0,2,505.0_2.23_3.45_180.0
505.0,2.23,3.45,180.0,72.0,3.307692308,13.0,6.941176471,31.81635373,68.0,85.60784314,6.0,3,505.0_2.23_3.45_180.0
505.0,2.23,3.45,180.0,70.99212598,3.909090909,11.0,7.705882353,40.26055834,76.0,64.74509804,6.0,4,505.0_2.23_3.45_180.0
505.0,2.23,3.45,180.0,68.47244094,3.583333333,12.0,6.941176471,33.85826772,72.0,36.19607843,6.0,5,505.0_2.23_3.45_180.0
600.0,2.23,3.45,180.0,71.24409449,5.375,8.0,9.176470588,43.01692913,118.0,50.90980392,9.0,1,600.0_2.23_3.45_180.0
600.0,2.23,3.45,180.0,71.7480315,5.375,8.0,7.882352941,41.18858268,98.0,77.70196078,9.0,2,600.0_2.23_3.45_180.0
600.0,2.23,3.45,180.0,71.24409449,5.375,8.0,9.176470588,43.01692913,118.0,50.90980392,9.0,3,600.0_2.23_3.45_180.0
600.0,2.23,3.45,180.0,70.99212598,5.375,8.0,7.588235294,41.18858268,96.0,64.30588235,9.0,4,600.0_2.23_3.45_180.0
600.0,2.23,3.45,180.0,72.0,5.375,8.0,9.411764706,40.73149606,110.0,76.82352941,9.0,5,600.0_2.23_3.45_180.0
405.0,1.26,2.82,180.0,72.0,4.777777778,9.0,6.352941176,52.86404199,88.0,75.28627451,10.0,1,405.0_1.26_2.82_180.0
405.0,1.26,2.82,180.0,70.99212598,5.375,8.0,8.235294118,43.01692913,114.0,68.25882353,10.0,2,405.0_1.26_2.82_180.0
405.0,1.26,2.82,180.0,70.48818898,3.909090909,11.0,9.117647059,26.9634932,88.0,76.38431373,10.0,3,405.0_1.26_2.82_180.0
405.0,1.26,2.82,180.0,70.99212598,5.375,8.0,8.235294118,43.01692913,114.0,68.25882353,10.0,4,405.0_1.26_2.82_180.0
405.0,1.26,2.82,180.0,69.48031496,5.375,8.0,8.294117647,41.64566929,118.0,82.09411765,10.0,5,405.0_1.26_2.82_180.0
505.0,1.26,2.82,180.0,72.0,4.777777778,9.0,8.647058824,44.73805774,88.0,76.38431373,16.0,1,505.0_1.26_2.82_180.0
505.0,1.26,2.82,180.0,68.97637795,3.909090909,11.0,8.588235294,30.28775948,88.0,65.84313725,16.0,2,505.0_1.26_2.82_180.0
505.0,1.26,2.82,180.0,71.7480315,4.777777778,9.0,9.235294118,44.73805774,106.0,88.02352941,16.0,3,505.0_1.26_2.82_180.0
505.0,1.26,2.82,180.0,70.23622047,3.583333333,12.0,9.529411765,23.8023622,82.0,84.72941176,16.0,4,505.0_1.26_2.82_180.0
505.0,1.26,2.82,180.0,70.99212598,4.3,10.0,8.647058824,31.85385827,100.0,59.69411765,16.0,5,505.0_1.26_2.82_180.0
600.0,1.26,2.82,180.0,71.49606299,4.777777778,9.0,7.588235294,39.04986877,106.0,87.36470588,22.0,1,600.0_1.26_2.82_180.0
600.0,1.26,2.82,180.0,71.7480315,4.777777778,9.0,7.588235294,37.42467192,108.0,71.11372549,22.0,2,600.0_1.26_2.82_180.0
600.0,1.26,2.82,180.0,71.24409449,5.375,8.0,7.529411765,41.64566929,114.0,71.55294118,22.0,3,600.0_1.26_2.82_180.0
600.0,1.26,2.82,180.0,68.47244094,3.583333333,12.0,7.411764706,34.16299213,72.0,53.10588235,22.0,4,600.0_1.26_2.82_180.0
600.0,1.26,2.82,180.0,69.98425197,3.909090909,11.0,7.882352941,27.96077309,92.0,38.83137255,22.0,5,600.0_1.26_2.82_180.0
405.0,1.26,3.45,180.0,72.0,5.375,8.0,8.764705882,37.98897638,114.0,65.40392157,11.0,1,405.0_1.26_3.45_180.0
405.0,1.26,3.45,180.0,68.22047244,4.777777778,9.0,6.941176471,53.27034121,116.0,85.38823529,11.0,2,405.0_1.26_3.45_180.0
405.0,1.26,3.45,180.0,69.98425197,3.909090909,11.0,8.823529412,26.29863994,76.0,46.95686275,11.0,3,405.0_1.26_3.45_180.0
405.0,1.26,3.45,180.0,71.49606299,3.583333333,12.0,8.470588235,35.07716535,74.0,34.21960784,11.0,4,405.0_1.26_3.45_180.0
405.0,1.26,3.45,180.0,71.7480315,4.3,10.0,9.058823529,31.12251969,98.0,73.96862745,11.0,5,405.0_1.26_3.45_180.0
505.0,1.26,3.45,180.0,67.21259843,4.777777778,9.0,6.176470588,48.80104987,116.0,63.86666667,17.0,1,505.0_1.26_3.45_180.0
505.0,1.26,3.45,180.0,71.49606299,5.375,8.0,7.647058824,40.27440945,114.0,70.6745098,17.0,2,505.0_1.26_3.45_180.0
505.0,1.26,3.45,180.0,70.48818898,3.909090909,11.0,6.882352941,41.59026485,76.0,34.0,17.0,3,505.0_1.26_3.45_180.0
505.0,1.26,3.45,180.0,70.48818898,3.909090909,11.0,6.882352941,41.59026485,76.0,34.0,17.0,4,505.0_1.26_3.45_180.0
505.0,1.26,3.45,180.0,70.99212598,4.3,10.0,7.882352941,31.85385827,100.0,52.22745098,17.0,5,505.0_1.26_3.45_180.0
600.0,1.26,3.45,180.0,71.7480315,5.375,8.0,5.823529412,50.78740157,94.0,84.07058824,23.0,1,600.0_1.26_3.45_180.0
600.0,1.26,3.45,180.0,71.7480315,4.777777778,9.0,7.588235294,37.42467192,108.0,71.11372549,23.0,2,600.0_1.26_3.45_180.0
600.0,1.26,3.45,180.0,71.24409449,5.375,8.0,7.529411765,41.64566929,114.0,71.55294118,23.0,3,600.0_1.26_3.45_180.0
600.0,1.26,3.45,180.0,68.47244094,3.583333333,12.0,7.411764706,34.16299213,72.0,53.10588235,23.0,4,600.0_1.26_3.45_180.0
600.0,1.26,3.45,180.0,71.7480315,5.375,8.0,5.823529412,50.78740157,94.0,84.07058824,23.0,5,600.0_1.26_3.45_180.0
405.0,2.23,2.18,180.0,69.73228346,3.909090909,11.0,8.235294118,31.617466,88.0,71.55294118,14.0,1,405.0_2.23_2.18_180.0
405.0,2.23,2.18,180.0,70.48818898,5.375,8.0,7.588235294,44.84527559,114.0,74.62745098,14.0,2,405.0_2.23_2.18_180.0
405.0,2.23,2.18,180.0,68.72440945,4.777777778,9.0,8.058823529,37.42467192,112.0,88.68235294,14.0,3,405.0_2.23_2.18_180.0
405.0,2.23,2.18,180.0,71.24409449,3.583333333,12.0,7.705882353,29.89685039,74.0,53.10588235,14.0,4,405.0_2.23_2.18_180.0
405.0,2.23,2.18,180.0,72.0,4.777777778,9.0,5.764705882,56.92703412,90.0,61.01176471,14.0,5,405.0_2.23_2.18_180.0
505.0,2.23,2.18,180.0,72.0,3.583333333,12.0,8.294117647,23.8023622,74.0,59.69411765,20.0,1,505.0_2.23_2.18_180.0
505.0,2.23,2.18,180.0,71.7480315,3.909090909,11.0,10.17647059,38.5984252,76.0,39.49019608,20.0,2,505.0_2.23_2.18_180.0
505.0,2.23,2.18,180.0,69.48031496,4.777777778,9.0,8.705882353,47.98845144,112.0,85.16862745,20.0,3,505.0_2.23_2.18_180.0
505.0,2.23,2.18,180.0,72.0,3.583333333,12.0,8.294117647,23.8023622,74.0,59.69411765,20.0,4,505.0_2.23_2.18_180.0
505.0,2.23,2.18,180.0,72.0,3.909090909,11.0,6.176470588,43.252398,78.0,56.4,20.0,5,505.0_2.23_2.18_180.0
600.0,2.23,2.18,180.0,71.24409449,3.909090909,11.0,8.588235294,28.62562634,76.0,85.38823529,26.0,1,600.0_2.23_2.18_180.0
600.0,2.23,2.18,180.0,68.22047244,4.777777778,9.0,6.941176471,43.92545932,114.0,52.44705882,26.0,2,600.0_2.23_2.18_180.0
600.0,2.23,2.18,180.0,69.48031496,3.583333333,12.0,7.235294118,35.38188976,72.0,57.49803922,26.0,3,600.0_2.23_2.18_180.0
600.0,2.23,2.18,180.0,70.74015748,4.3,10.0,9.176470588,32.21952756,100.0,46.95686275,26.0,4,600.0_2.23_2.18_180.0
600.0,2.23,2.18,180.0,72.0,3.307692308,13.0,8.352941176,24.22168383,70.0,74.40784314,26.0,5,600.0_2.23_2.18_180.0
405.0,1.73,3.45,180.0,67.96850394,4.777777778,9.0,6.176470588,44.73805774,118.0,62.76862745,13.0,1,405.0_1.73_3.45_180.0
405.0,1.73,3.45,180.0,70.99212598,3.909090909,11.0,5.0,41.59026485,76.0,37.73333333,13.0,2,405.0_1.73_3.45_180.0
405.0,1.73,3.45,180.0,69.48031496,3.583333333,12.0,6.411764706,35.07716535,80.0,41.68627451,13.0,3,405.0_1.73_3.45_180.0
405.0,1.73,3.45,180.0,70.48818898,4.3,10.0,7.588235294,37.70456693,102.0,80.55686275,13.0,4,405.0_1.73_3.45_180.0
405.0,1.73,3.45,180.0,72.0,3.307692308,13.0,6.882352941,32.94149001,70.0,35.09803922,13.0,5,405.0_1.73_3.45_180.0
505.0,1.73,3.45,180.0,72.0,4.777777778,9.0,7.823529412,40.2687664,102.0,40.58823529,19.0,1,505.0_1.73_3.45_180.0
505.0,1.73,3.45,180.0,71.7480315,5.375,8.0,6.941176471,43.93110236,108.0,39.70980392,19.0,2,505.0_1.73_3.45_180.0
505.0,1.73,3.45,180.0,69.73228346,3.909090909,11.0,5.705882353,46.90909091,76.0,61.89019608,19.0,3,505.0_1.73_3.45_180.0
505.0,1.73,3.45,180.0,70.74015748,3.583333333,12.0,5.882352941,42.39055118,72.0,55.08235294,19.0,4,505.0_1.73_3.45_180.0
505.0,1.73,3.45,180.0,72.0,4.777777778,9.0,7.823529412,40.2687664,102.0,40.58823529,19.0,5,505.0_1.73_3.45_180.0
600.0,1.73,3.45,180.0,66.96062992,3.909090909,11.0,7.470588235,36.60386543,92.0,56.61960784,25.0,1,600.0_1.73_3.45_180.0
600.0,1.73,3.45,180.0,69.73228346,5.375,8.0,6.882352941,47.58779528,116.0,50.47058824,25.0,2,600.0_1.73_3.45_180.0
600.0,1.73,3.45,180.0,68.22047244,4.777777778,9.0,6.647058824,44.33175853,112.0,41.68627451,25.0,3,600.0_1.73_3.45_180.0
600.0,1.73,3.45,180.0,70.48818898,3.583333333,12.0,8.941176471,26.8496063,80.0,46.07843137,25.0,4,600.0_1.73_3.45_180.0
600.0,1.73,3.45,180.0,72.0,4.3,10.0,8.470588235,30.02551181,98.0,75.7254902,25.0,5,600.0_1.73_3.45_180.0
405.0,2.23,2.82,180.0,69.48031496,4.777777778,9.0,6.176470588,43.92545932,114.0,76.16470588,15.0,1,405.0_2.23_2.82_180.0
405.0,2.23,2.82,180.0,71.24409449,3.909090909,11.0,8.0,28.95805297,78.0,86.9254902,15.0,2,405.0_2.23_2.82_180.0
405.0,2.23,2.82,180.0,70.48818898,3.583333333,12.0,7.294117647,34.16299213,72.0,80.99607843,15.0,3,405.0_2.23_2.82_180.0
405.0,2.23,2.82,180.0,68.47244094,4.3,10.0,7.0,40.62992126,102.0,60.13333333,15.0,4,405.0_2.23_2.82_180.0
405.0,2.23,2.82,180.0,72.0,3.307692308,13.0,6.588235294,30.69121744,68.0,52.88627451,15.0,5,405.0_2.23_2.82_180.0
505.0,2.23,2.82,180.0,71.7480315,5.375,8.0,6.411764706,50.78740157,94.0,41.24705882,21.0,1,505.0_2.23_2.82_180.0
505.0,2.23,2.82,180.0,71.49606299,5.375,8.0,6.411764706,54.9011811,96.0,53.76470588,21.0,2,505.0_2.23_2.82_180.0
505.0,2.23,2.82,180.0,71.49606299,5.375,8.0,6.411764706,54.9011811,96.0,53.76470588,21.0,3,505.0_2.23_2.82_180.0
505.0,2.23,2.82,180.0,71.49606299,5.375,8.0,6.411764706,54.9011811,96.0,53.76470588,21.0,4,505.0_2.23_2.82_180.0
505.0,2.23,2.82,180.0,71.49606299,5.375,8.0,6.411764706,54.9011811,96.0,53.76470588,21.0,5,505.0_2.23_2.82_180.0
600.0,2.23,2.82,180.0,70.74015748,3.909090909,11.0,7.470588235,29.95533286,76.0,43.88235294,27.0,1,600.0_2.23_2.82_180.0
600.0,2.23,2.82,180.0,69.73228346,3.583333333,12.0,8.235294118,26.54488189,80.0,71.33333333,27.0,2,600.0_2.23_2.82_180.0
600.0,2.23,2.82,180.0,70.23622047,4.777777778,9.0,7.647058824,51.23884514,112.0,88.68235294,27.0,3,600.0_2.23_2.82_180.0
600.0,2.23,2.82,180.0,72.0,4.3,10.0,5.117647059,34.04787402,98.0,44.98039216,27.0,4,600.0_2.23_2.82_180.0
600.0,2.23,2.82,180.0,71.49606299,5.375,8.0,8.411764706,39.81732283,116.0,77.70196078,27.0,5,600.0_2.23_2.82_180.0
